nome;data_inicio;data_fim;id_atividades
Polo UAB de Almeirim - PA;2021/12/19;2022/01/19;107684
PEM CANTINHO DA ALEGRIA;2022/01/21;2022/03/12;73314
ANTONIO DE PADUA CARDOSO ETEC;2021/04/04;2022/03/19;54518
NTE - GUAÇUI;2021/06/22;2021/10/31;149587
EM DENIZARD ALMEIDA E SILVA;2021/02/13;2021/07/28;81126
EE PROF JOAQUIM TORRES ENS 1 GRAU;2022/03/16;2022/04/03;121357
ESC ENS FUND MATILDE BARBOSA GOIS;2021/12/30;2022/01/17;112307
ESC MUN DORINHA CARVALHO;2021/09/06;2022/01/30;131456
ESCOLA MUNICIPAL ZULMIRA TORRES;2021/09/18;2021/10/16;129194
EM DR AUGUSTO MEIRA;2021/06/13;2021/11/11;57352
EC 01 SHI-SUL;2021/04/15;2021/06/04;64893
MILTON CERNACH PROF;2021/10/23;2022/04/06;101241
MARIA FRANCO DE SOUSA PENARIOL PROFA E.M.E.F.;2022/03/17;2022/03/19;46775
CARLOS JEREISSATI SENADOR EEF;2022/03/31;2022/03/31;45465
;2021/01/21;2021/11/04;127493
;2021/07/06;2021/12/27;131937
;2021/06/10;2021/12/06;26871
;2021/12/21;2022/01/01;53497
;2021/08/28;2021/12/25;2888
;2021/06/03;2022/03/16;59632
;2022/03/03;2022/04/15;43600
;2021/05/12;2021/08/07;149348
;2021/04/21;2021/08/03;40057
;2021/03/24;2021/06/09;1994
;2021/08/05;2022/01/05;71610
;2022/02/10;2022/02/26;13594
;2022/01/29;2022/04/17;122973
;2021/11/15;2022/01/04;61361
;2021/05/10;2021/09/03;90259
;2021/03/12;2021/06/27;54881
;2022/04/22;2022/04/28;27812
CECILIA MEIRELES;2022/02/01;2022/03/21;63361
ESC MUN ENS FUN DONA LUIZA BECK;2021/12/01;2021/12/07;56922
BENEDITA PEREIRA ALBUQUERQUE PROFA EMEF;2021/04/26;2022/02/16;47797
EE - COLEGIO DA POLICIA MILITAR - CPM ANTONIO CARLOS MAGALHAES;2021/04/22;2021/06/03;24057
E E DE ENS FUND FRANTZ MACHADO CHARAO;2021/01/30;2021/03/20;95890
ROSALINA DE MORAES E M ED INF E FUND;2021/01/08;2021/02/17;103938
COLEGIO ESTADUAL PREFEITO EDUARDO MARQUES DE OLIVEIRA;2021/07/14;2022/01/13;52011
GENEROSO S BARBOSA E M ED INF E FUND;2022/02/04;2022/03/18;62586
IEC-UNIDADE TIRADENTES;2021/09/13;2022/01/14;23097
ESCOLA MUNICIPAL DRA GELDA AMORIM;2021/06/02;2021/08/30;54238
NILZA DIAS MATHIAS EMEB;2021/08/05;2021/08/09;50941
JUSCELINO K OLIVEIRA C E E FUND MEDIO;2021/02/01;2021/08/21;46363
ESCOLA DE ENSINO FUNDAMENTAL DOUTOR CARLOS MORITZ;2021/01/04;2021/06/25;78431
ESCOLA MUL ALFREDO FILGUEIRA SAMPAIO;2021/02/24;2022/02/11;21651
EE PROF FERNANDO LEITE DE CAMPOS;2021/02/27;2022/03/24;146869
JARDIM SILVIA EMEF;2021/04/20;2022/03/27;96368
EE PADRE JOSE SANGALI;2021/05/21;2021/10/16;15031
ESCOLA MUNICIPAL ELISA CABRAL DE BRITO SILVA;2021/09/18;2022/04/22;81754
EE ODETE VALADARES;2021/01/08;2022/01/09;44952
UNID ESC FRANCISCO MENDES DE MORAIS;2021/06/25;2022/02/14;48130
ESC EST DESEMBARGADOR JOAO REBELO CORREA;2021/10/02;2021/11/13;53301
ESC MUL BALNEARIO MEIA PONTE;2022/01/04;2022/04/17;122934
NTE - IBAITI;2021/10/19;2022/03/18;115195
OLIVA IRENE BAYERLEIN SILVA;2021/03/19;2021/08/13;37077
EM MARIA DA PENHA SANTOS ALMEIDA;2021/01/29;2021/07/07;55229
EC 403 NORTE;2021/10/12;2022/01/28;128395
ANSELMO TESTA EMEI DO PARQUE RESIDENCIAL;2022/04/06;2022/04/06;74944
NOSSA SRA DA SALETE E M ED INF ENS FUND;2022/02/14;2022/03/08;142065
ESCOLA MUNICIPAL SAO LUIZ;2021/09/06;2022/02/28;55768
ESC EST ENS FUN PROFESSORA EMILIA DA SILVA PRATES;2021/06/27;2021/08/27;6074
EM NSA SRA DA CONCEICAO;2021/11/22;2022/03/18;57946
EM MARGARIDA DIAS;2022/01/27;2022/01/29;140157
ESCOLA ESTADUAL DE ENSINO FUNDAMENTAL ANGELO BEAL;2021/05/04;2021/12/14;107680
EEEFM DOM PEDRO I;2021/01/03;2021/03/30;122859
ESCOLA MUN PROF CLAUDINETE BATISTA;2021/01/27;2021/07/03;10367
NTM - SAO GONÇALO;2021/06/26;2021/11/14;111848
E E E I F BARAO DO RIO BRANCO;2022/01/07;2022/02/28;122642
ORESTES LADEIRA PADRE EMEF;2021/07/03;2022/02/06;145359
ESC NOSSA SRA DO PERPETUO SOCORRO;2022/02/08;2022/03/25;121083
EM UMBELINA MACHADO DA SILVA;2022/03/22;2022/04/21;79663
EE VISCONDE DE ARANTES;2021/10/10;2021/11/27;52560
ESC MUN PE HERIBERTO HARTMANN;2021/08/12;2021/09/21;30606
ESCOLA MUNICIPAL CEI RITTA ANNA DE CASSIA - EDUCACAO INFANTIL E ENSINO FUNDAMENTAL;2021/03/11;2021/08/03;83198
ESC MUL MARILEILA ALVES DOS SANTOS;2021/02/07;2021/09/30;35699
ESTEVAM SCHLOBACH SALVAGNI DR E.M;2021/12/14;2022/02/12;145828
EM PE FRANCISCO JOSE DA SILVA;2021/06/16;2021/07/08;11314
EE - COLEGIO ESTADUAL HENRIQUE BRITO;2022/03/14;2022/03/19;133627
ESCOLA MUNICIPAL LIONS CLUBE;2022/02/02;2022/03/08;77253
EMEF BENJAMIM GOMES MARANHAO;2022/04/28;2022/04/28;38610
EM ALEGRIA DO SABER;2021/02/05;2021/12/10;43418
ESCOLA DE 1  GRAU PROFESSOR LUIZ SANDE;2021/03/18;2021/06/06;84583
DARCY FEDERICI PACHECO PROFESSOR;2022/03/19;2022/04/02;48180
ESCOLA MUNICIPAL PROFESSORA ODETE ALMEIDA DO VALE;2022/01/16;2022/03/09;143814
NTM - IMBITUVA;2021/01/12;2021/11/21;14903
OSVALDO CRUZ E M E FUND;2022/03/30;2022/04/02;19095
ESCOLA MUNICIPAL REGINA COELI;2021/05/30;2021/07/31;104270
ESCOLA MUNICIPAL JOAO PEDRO DOS SANTOS;2021/07/06;2022/03/17;98735
HENRIQUE MONTENEGRO CAPITAO;2021/06/22;2021/07/11;52281
ESCOLA DE MUSICA BRUNO FERREIRA DA SILVA;2021/12/12;2022/03/24;52028
ESCOLA MUNICIPAL EDIVALDO MACHADO BOAVENTURA;2021/06/04;2022/01/26;11531
NELY CARBONIERI DE ANDRADE PROFA;2021/09/26;2021/11/12;75013
CENTRO EDUCACIONAL DE ITAQUARA;2022/03/18;2022/04/02;38417
EE JOAO DO VALE;2021/03/31;2022/03/21;67282
Polo UAB de Campo Formoso - BA;2022/03/04;2022/04/15;102090
JOSE A B ORSO C E E FUND MEDIO;2021/03/09;2022/01/16;93198
EMEF BARRA DO FORQUETA;2021/03/21;2022/01/06;60734
CE FRANCISCO ALVES;2021/11/25;2022/03/11;118187
EM D JUSTINO JOSE DE SANT ANA;2021/06/25;2022/03/12;23865
EMEF PRINCESA ISABEL;2021/11/16;2022/02/02;62201
JUSSARA FEITOSA DOMSCHKE PROFA;2021/10/13;2021/11/02;99207
EM JOSE ABDALLA;2021/12/16;2021/12/29;67230
MARIA APARECIDA LACAL E M PROFA E I E F;2021/07/25;2022/03/10;144976
CENTRO SOCIAL URBANO DE MUSSURUNGA;2022/01/16;2022/03/09;140206
EE ROTARY;2021/08/09;2022/01/29;55588
MARIA HELENA DA SILVA SILVERIO PROFA EMEF;2021/11/29;2021/12/15;15565
ESCOLA MUNICIPAL DEPUTADO JOSE CARLOS BRANDAO MONTEIRO;2021/11/08;2022/03/14;140483
ESCOLA MUNICIPAL LUNOLANDIA;2021/11/09;2022/03/10;96602
EM PROF ANTONIO SERGIO TEIXEIRA;2021/05/09;2021/08/28;74840
ESCOLA MUNICIPAL JOAO SEIXAS DOREA;2021/11/28;2022/03/06;12659
ESC RUY BARBOSA;2022/01/22;2022/03/31;21569
ESC MUN ENS FUN SAO JOSE;2021/02/17;2021/10/22;59782
CENTRO DE EDUC PROFISSIONAL DE ARTES VISUAIS CANDIDO PORTINA;2022/03/08;2022/03/11;37541
WALDEMAR ALCANTARA EEF GOVERNADOR;2021/08/28;2022/01/31;114502
ESCOLA MUNICIPAL MARIA LUIZA TELES ALVES;2021/07/08;2021/11/09;96
ERC EF PADRE MARCOS;2021/09/20;2022/04/25;53927
CENTRO COMUNITARIO EDUCACIONAL SAO FRANCISCO DE ASSIS;2021/04/14;2021/08/07;79049
CEEBJA DR MARIO FARACO E FUND MEDIO;2022/01/01;2022/01/30;36567
EE MARECHAL RONDON;2021/10/09;2021/12/06;82748
EM SERAPHINA DE OLIVEIRA FRAGOSO;2021/11/26;2022/01/12;85132
UE MARCONI CALDAS;2021/04/13;2021/07/22;121536
ESCOLA MUNICIPAL NEY BRAGA;2021/05/24;2021/10/21;131244
CIEP BRIZOLAO 135 AFONSO HENRIQUES LIMA BARRETO;2021/05/30;2021/08/19;91137
ESCOLA ANA RIBEIRO;2022/01/16;2022/04/18;101595
ESC. MUN. ED. INF. PINÓQUIO;2022/03/30;2022/04/19;75048
ESC EST PRES CAFE FILHO;2021/07/15;2021/10/20;436
JARDIM DAS GRACAS E M ED INF ENS FUND;2021/05/31;2022/01/04;33442
EEB ARY DE SOUZA BORGES;2022/01/14;2022/04/17;60626
EEB INTENDENTE JOSE FERNANDES;2021/10/31;2022/04/23;102834
ESCOLA MARECHAL RONDON;2021/10/28;2022/04/10;31192
CENTRO EDUCACIONAL PEDRO RIZZI;2021/03/02;2021/07/06;99375
JOSE GASPAR RUAS EMEF;2021/08/02;2022/02/03;120972
NTE - CAJAZEIRAS;2021/12/31;2022/03/01;27592
EMEF ANANIAS CUSTODIO;2021/05/27;2022/04/17;35394
COLEGIO NAVAL;2021/01/06;2021/06/01;70929
EMEF SAUL BENNESBY;2021/03/09;2022/04/28;9464
EMEIF MARIA ROSELI LIMA MESQUITA;2022/02/17;2022/02/21;114718
CAIC JOAO DE FARIAS PIMENTEL FILHO;2021/09/12;2022/01/07;53284
ESCOLA MUNICIPAL MOACIR LUIZ DE PAULA BRANDAO;2021/07/08;2021/10/14;138228
PRE ESCOLAR IGNEZ NEIVA DE OLIVEIRA;2021/04/01;2022/01/27;42147
ESC EST ANTONIO CORDEIRO PONTES;2022/03/19;2022/04/13;108430
E M ANTONIO JOAQUIM DE OLIVEIRA;2021/09/28;2022/04/20;37011
GIN EST LUIZ ALVES DE ALMEIDA;2022/03/21;2022/04/21;77066
EEEF SINHAZINHA RAMALHO;2022/02/16;2022/03/06;43461
ESCOLA ESTADUAL MADRE TEREZA DE CALCUTA;2021/01/19;2021/08/05;67471
JUVENAL DA COSTA E SILVA PROF. EMEF;2021/03/15;2021/12/12;39343
ESCOLA ESTADUAL BARAO DE PARIMA;2022/01/08;2022/04/17;73462
POLO E-TEC EE Prof Dóris Mendes Trindade;2021/08/12;2021/10/16;21269
NTM - Pão de Açúcar;2022/01/05;2022/01/25;115011
COLEGIO AURINO DA SILVA NONATO;2021/08/08;2022/03/05;89345
CENTRO EDUC MAXIMO NARDELLI;2021/07/14;2021/09/10;137009
BRASILIO MACHADO NETO COMENDADOR;2022/02/20;2022/04/26;145973
RAUL BRASIL PROF;2021/05/04;2021/05/13;78121
EDITH IRMA NUCLEO DE EDUC DE JOVENS E ADULTOS;2021/03/31;2021/08/03;113020
ESCOLA MUNICIPAL JOAO AMARO;2021/07/03;2021/09/28;63733
UE JOAO FONSECA MARANHAO;2021/10/03;2021/10/09;107778
ESCOLA MUNICIPAL DEPUTADO ANTONIO FERREIRA;2021/05/07;2022/03/18;35396
ESCOLA MUNICIPAL FRANCISCO ANTONIO DOS SANTOS;2021/10/03;2021/12/05;105541
EMEF AGUAS BRANCAS;2021/10/25;2022/03/18;8769
COLEGIO ESTADUAL LEINY LOPES DE SOUZA;2021/07/23;2021/09/21;80527
E E E F CABANAGEM;2021/07/29;2021/12/22;132689
RITA JULIA DE OLIVEIRA PROFA;2022/02/14;2022/03/22;143753
ESCOLA ESTADUAL NOSSA SENHORA DE GUADALUPE;2021/05/14;2021/08/15;99512
EE - COLEGIO ESTADUAL YEDA BARRADAS CARNEIRO;2022/03/28;2022/04/13;98918
ESC MUL PROFA TEREZINHA PAULINO DE LIMA;2021/07/11;2022/04/10;7704
0420004 ESCOLA MUNICIPAL JORNALISTA ORLANDO DANTAS;2021/09/02;2021/09/07;107775
EEEFM PROF JOAO DA CUNHA VINAGRE;2022/01/10;2022/04/10;120924
ESC EST ENS MED PADRE NUNES;2021/05/24;2021/12/24;46528
MARIA HELENA FARIA LIMA, PROFA.;2021/12/18;2022/01/30;97185
EM FRANCISCO FALCAO FREIRE;2021/01/29;2021/02/15;38974
ESC MUL LEANDRO NUNES MANSO;2021/12/02;2021/12/06;144607
ESCOLA MUNICIPAL SENADOR VICENTE EMILIO VUOLO;2021/08/15;2021/08/28;44557
EE SEBASTIAO RIBEIRO DE BRITO;2021/11/26;2022/03/14;140889
EM PRELIMINAR PATO DONALD;2021/10/18;2021/11/30;121738
EB OSVALDO MACHADO;2022/04/24;2022/04/26;82886
ASTROGILDO SILVA PROFESSOR;2021/01/22;2022/03/15;86562
ESCOLA MUNICIPAL PROFESSOR JOSE RODRIGUES SILQUEIRA;2021/01/11;2022/04/27;102369
E M OSWALDO CRUZ;2021/12/19;2022/04/11;15392
ESCOLA MUNICIPAL GETULIO VARGAS;2021/08/24;2021/12/30;87282
JURACI MARCHIONE VICE PREFEITO E.M.;2021/03/27;2021/09/21;137939
E E E F M JOAO SANTOS;2021/11/25;2021/12/04;111688
PRE ESC SAO FRANCISCO DE ASSIS;2022/03/17;2022/04/15;115017
FERNANDO VALEZI;2021/11/28;2022/03/19;100014
EM SAO DIMAS;2021/11/17;2022/02/03;25032
CE GRACA ARANHA;2021/06/13;2021/12/06;185
EE JOSE BONIFACIO;2022/02/04;2022/03/03;66518
EMEIFM EUNICE BARBOSA;2021/11/11;2022/03/02;24018
EE DOUTOR JOSE CORDEIRO DE CAMPOS;2021/05/10;2022/03/29;52600
EM JOSE SALUSTIANO LARA;2021/03/06;2021/05/19;138910
ESC MUL SEBASTIANA MARIA DE JESUS;2022/04/17;2022/04/25;97497
0312001 ESCOLA MUNICIPAL OSWALDO CRUZ;2022/01/02;2022/03/20;115502
ESC MUNICIPAL MARINA BARRETO;2022/04/22;2022/04/28;66603
COLEGIO ESTADUAL POETA JOSE SAMPAIO;2021/09/23;2022/04/06;62297
EM DONA VIDINHA PIRES;2021/02/19;2021/03/04;134255
EE WALDEMON MORAES COELHO;2021/10/11;2021/12/25;12012
EB MUN GIUSEPPE SETTE;2021/02/23;2022/03/06;11251
ESC MUL PROFA MALVINA COSME;2022/04/16;2022/04/22;57603
EE SAO MIGUEL;2021/03/11;2021/11/12;77981
CENTRO URBANO DE ENSINO COM MEDIACAO TECNOLOGICA DE BOA VISTA DO RAMOS;2021/04/17;2021/07/29;13751
MARIA CARMELITA P VILLACA UNIDADE MUN DE EDUCACAO ESPECIAL;2021/04/27;2021/12/16;72628
CESEC DE JOAO MONLEVADE;2022/01/16;2022/03/09;14914
NOEMIA REAL FIDALGO PROFA EM;2021/10/02;2021/12/23;147121
BERTHA CORREA E CASTRO DA ROCHA;2021/04/03;2021/05/24;113311
FERNANDO MAGALHAES PROFESSOR;2022/04/01;2022/04/01;79330
EEEF PROF JOSE BENTO;2021/11/20;2022/02/22;121706
ESC MUL PROFESSORA DALVA CERQUEIRA BRITO;2022/01/06;2022/01/06;105394
EM DURVAL COELHO BARBOZA;2021/08/26;2021/12/11;128727
NEJA NUCLEO DE EDUCACAO DE JOVENS E ADULTOS;2021/06/15;2021/09/01;115156
MARIA JOSE S SANTOS E M PFA E INF E FUND;2021/12/26;2022/04/02;142465
MISS BROWNE;2022/03/17;2022/04/19;47425
ANTONIO STELLA MORUZZI EMEB;2021/10/22;2022/03/01;102988
ESC. MUN. ED. INF. BRANCA DE NEVE;2022/04/24;2022/04/25;90415
ESC MUN OSCAR FERNANDES COSTA;2022/03/01;2022/04/07;13868
COLEGIO ESTADUAL COMPLEXO N 02;2021/08/21;2021/12/16;68641
UMEF PROFESSOR ZALUAR DIAS;2022/02/05;2022/03/12;139422
E M PROF ZILLA JUNGER DA SILVA;2021/08/28;2021/10/04;33499
E M E F OGILVANISE MOREIRA DE MOURA;2021/02/17;2022/04/24;106520
PEM CRIANCA FELIZ;2021/10/13;2021/12/12;93527
BRINQUEDOTECA MUNICIPAL MEU SEGUNDO LAR;2021/05/16;2021/09/20;125805
ESCOLA COMPOSITOR LUIZ GONZAGA;2021/02/11;2021/09/19;46539
EE JOSE RUFINO ENSINO FUNDAMENTAL;2021/05/28;2022/01/26;36478
ESCOLA MUNICIPAL TEREZINHA VAZ DA SILVEIRA;2021/09/18;2021/12/17;120528
ESC EST DE ENS FUND ANGELO EMILIO GRANDO;2021/11/11;2022/02/11;37042
ESCOLA MUNICIPAL NICE MENDONCA DE SOUZA E SILVA;2022/04/07;2022/04/18;148771
ESC MUL PE ANTONIO;2021/09/05;2022/01/19;149075
PECON DE CARMO DO RIO CLARO;2021/09/04;2021/09/24;112424
EE - COLEGIO ESTADUAL RAPHAEL SERRAVALLE;2021/09/25;2022/03/13;45067
EMEB MARIA DE LOURDES CARDOSO MALLMANN;2021/04/22;2021/12/15;63159
SEMIRAMIS PRADO DE OLIVEIRA PROFA EM;2021/05/29;2021/09/26;125589
DULCE IRMA EMEIEF;2021/05/18;2022/03/11;59845
EMF JOAQUIM PORTO VILLANOVA;2021/09/10;2022/03/07;125020
AMADOR BUENO DA VEIGA;2021/12/16;2022/04/24;33527
EMEIF THOMAZ POMPEU SOBRINHO;2021/10/30;2022/02/10;28115
ESC MUL MENINO JESUS;2021/10/09;2022/02/11;144535
EEB VICTOR KONDER;2021/03/15;2021/07/20;18875
ESCOLA MUNICIPAL MENINO JESUS;2021/04/09;2022/02/09;39980
ESC MUN ENS FUN PRES TANCREDO NEVES;2021/11/22;2022/01/10;59426
ESCOLA MUNICIPAL DO PAU MIUDO;2021/12/08;2022/01/08;36014
MARIA V B RAMOS E M PROFA ED INF E FUND;2021/06/01;2022/03/03;50084
EMEF RAIMUNDO RIBEIRO DIAS;2021/07/23;2022/01/26;94881
POLO EDUC MUL URBANO INTEGRACAO;2021/02/28;2021/07/01;123714
LUIS WASHINGTON VITA;2021/02/21;2021/09/02;94381
LEA ROSA MELO ANDREGHETTI PROFA;2021/11/21;2022/03/25;20820
JUVENTINA DE OLIVEIRA PENNA CAMPOS PROFA EMEB;2021/10/09;2022/02/05;25474
ESCOLA MUNICIPAL JANDIRA WALDERLEY BASTOS;2021/06/29;2022/04/06;9049
ESC STA LUIZA DE MARILLAC;2021/09/27;2021/10/20;91320
E M ANTONIO PINHEIRO GUIMARAES VICTORY;2022/01/16;2022/01/25;90338
MARIA HELENA DENIS FIGUEIREDO PROFA;2021/09/26;2022/03/11;78329
CRISTIANE CHAVES MOREIRA BRAGA PROFA;2022/03/01;2022/03/23;63809
CE MARCELINO MACHADO;2021/06/18;2022/02/16;34942
NTM - REBOUÇAS;2021/01/06;2021/08/29;111280
ESCOLA FAMILIA AGRICOLA DE ITANHEM;2022/04/24;2022/04/25;92945
NE MUN PROF JOAO MARIA DE SOUZA JUNIOR;2021/11/19;2022/01/07;26871
ESC PAROQUIAL N SENHORA DA GLORIA;2021/09/07;2022/01/17;103675
EE LIGIA NAVARRO ENS DE 1 GRAU;2021/11/18;2022/02/10;18558
CENTRO EDUCACIONAL PADRE JOAO FARIAS;2021/10/11;2022/02/14;124111
ESC EST PROF  GERALDO DA SILVA PINTO;2021/01/20;2021/06/07;102847
CE ALDEBARA;2021/04/09;2021/08/31;78507
MURILO BRAGA EEM;2021/08/01;2021/11/16;26756
ESCOLA MUNICIPAL NAIR DE MELO FRANCO RIBEIRO;2021/07/07;2021/11/24;8872
CE DOUTOR ARMANDO SA COUTO;2022/03/12;2022/04/20;35413
EM DR JOSE EDILSON CARIDADE;2021/01/25;2021/06/23;82895
ESCOLA ESTADUAL SEBASTIAO FERNANDES DE OLIVEIRA;2022/01/29;2022/04/13;35704
UD DE ATALANTA;2022/01/16;2022/01/20;114868
CE ROBERTO MONTENEGRO;2021/01/22;2021/08/24;54143
JULIA WANDERLEY E M ED INF ENS FUND;2021/05/12;2022/04/09;73331
MONSENHOR MANOEL CANDIDO EEFM;2022/03/04;2022/04/10;63553
EEF AUGUSTO COLATTO;2021/03/25;2021/04/02;39186
EEEF DOM HELDER CAMARA;2021/07/07;2021/11/16;72163
JARDIM BRITANIA;2021/11/17;2022/04/02;119787
ESCOLA MUNICIPAL NOSSA SENHORA DO CARMO;2022/01/16;2022/04/11;52954
EE GOVERNADOR JUSCELINO KUBITSCHEK;2021/09/28;2021/11/25;72428
E M E F ABRAHAM LINCOLN;2021/11/17;2022/01/08;19443
ESCOLA ESTADUAL DE ENSINO FUNDAMENTAL E MEDIO EJA;2021/10/03;2022/03/11;74094
ANTONIO DE CASTRO ALVES C E E FUND MED;2021/07/15;2021/10/24;53352
ACACIA EMEF;2021/10/15;2022/01/30;74910
CARMELO SCOTTON E M ED INF ENS FUND;2022/04/13;2022/04/15;107880
EMEIEF JOSE VERONESE;2021/08/18;2021/09/29;121586
EE - COLEGIO ESTADUAL SATELITE;2021/02/23;2022/04/01;105015
EMEF FRANCISCO ANTONIO MARCUCCI;2021/04/20;2022/04/01;59030
ESCOLA DOMESTICA DE NOSSA SENHORA DO AMPARO;2021/11/16;2022/02/06;57647
E M MONTEIRO LOBATO;2022/03/29;2022/04/11;142199
ASSOCIACAO DOS AMIGOS DO BAIRRO NOVA AMERICA;2022/03/13;2022/03/27;143309
CAIC PROF BALDUINO BARBOSA DE DEUS;2021/03/18;2022/01/17;107350
MARIA DO CARMO CUNHA GUERBAS EMEF;2021/11/07;2021/12/11;31858
ESC MUL EDIVA MARIA DE PAIVA VIANA;2021/06/06;2022/02/03;36610
EEF TANCREDO DE ALMEIDA NEVES;2021/09/19;2022/01/22;27571
DARCY GARCIA GAVIRA PROFA EM;2021/04/11;2022/01/12;137866
EM PROFESSOR WALTER SIQUEIRA;2021/01/30;2021/05/15;76804
ESCOLA DE REFERENCIA EM ENSINO MEDIO GINASIO PERNAMBUCANO;2022/03/02;2022/03/24;35536
ESCOLA MUNICIPAL BARQUINHO AMARELO;2022/03/13;2022/04/10;73544
EM JOSE DE SOUZA DAMY;2021/01/20;2021/03/18;13410
EMILIA XIMENES CAPOZOLI EMEF;2022/03/12;2022/03/30;92586
EMEIEF PROFESSOR JOSE NUNES;2021/09/16;2021/12/31;119631
E MUNICIPAL DE ED INFANTIL RECANTO DO BEIJA FLOR;2021/08/11;2022/03/24;19481
EMEB ENG AGRON URBANO DE ANDRADE JUNQUEIRA - UNIDADE I;2022/03/05;2022/03/09;58960
CE MARIA LENY VIEIRA FERREIRA SILVA;2021/07/09;2021/09/16;132527
ESCOLA MUNICIPAL LUIZ DE CASTRO;2021/06/17;2021/08/24;114017
E M EIDER RIBEIRO DANTAS;2022/03/30;2022/04/10;113069
GENY FARAH SALLES PROFESSORA EMEF;2021/09/01;2022/04/07;35402
0206012 ESCOLA MUNICIPAL CAMILO CASTELO BRANCO;2021/05/08;2021/12/10;94399
C TEC MUN PEDAGOGICO;2021/04/30;2021/10/22;127604
EMEF PROF DULCE LOUREIRO CUZZUOL;2021/08/24;2021/10/29;147958
ESC MUN PROFESSOR BINU LEAO;2021/06/22;2021/10/24;59782
EM ANTONIO JOSE DAS VIRGENS;2021/06/05;2022/01/27;100258
ESCOLA MUNICIPAL HORAS FELIZES;2022/04/22;2022/04/27;128658
PADRE ANCHIETA;2021/08/08;2022/02/10;88495
NTM - MEDIANEIRA;2021/08/13;2022/03/26;11717
ESC EST ENS MED SANTA CLARA;2022/04/20;2022/04/26;119405
JOSE MARIO FALEIROS PROF EMEB;2021/11/26;2022/04/21;60673
E M VER PAULO BARENCO;2021/02/24;2021/03/02;105328
ESCOLA MUNICIPAL NOSSA SENHORA DO PILAR;2021/03/12;2021/06/23;141973
LEOLINO DOS SANTOS VEREADOR EM;2021/03/21;2021/08/17;100769
EEB TERESA RAMOS;2021/09/01;2021/10/01;130929
EM PROF LUZANIRA MARIA C CRUZ;2021/06/13;2022/04/13;98473
NTE - CEARA MIRIM  5  DIRED;2022/02/23;2022/03/16;1252
MARIA APARECIDA DE FARIA PROFESSORA EMEF;2021/06/25;2021/07/08;106017
EMEF RITA ALVES;2022/03/24;2022/04/08;41423
SAO MATEUS ESCOLA TECNICA ESTADUAL;2021/02/26;2021/04/21;65619
EEB GIOVANI PASQUALINI FARACO;2022/02/28;2022/04/04;146605
LAUDELINO DE ABREU EMEF;2021/07/12;2021/07/16;59363
EE - COLEGIO ESTADUAL DEMOCRATICO JUTAHY MAGALHAES;2021/03/08;2021/05/15;74935
ESCOLA NOSSA SENHORA AUXILIADORA;2021/09/03;2022/01/04;117249
CARLOS BAROZZI;2021/06/08;2022/01/25;10718
ESC DE EDUCAÇAO INFANTIL DONA MARIETA FERREIRA;2022/01/20;2022/02/17;4648
JOANINHA C F SECHINI E M ENS FUND;2021/04/27;2021/11/14;99286
EE MARIO CAMPOS E SILVA;2022/04/24;2022/04/24;20783
EEB ROSINHA CAMPOS;2021/07/09;2021/07/25;148222
0918102 ESCOLA MUNICIPAL PROFESSORA DALVA LAZARONI;2021/06/29;2021/10/12;60306
ESC EST DJALMA A MARINHO ENS 1 E 2 GRAUS;2021/08/18;2022/04/12;72564
EE MOACIR ALBUQUERQUE;2022/04/25;2022/04/27;29779
JI ARCO IRIS;2021/07/19;2022/01/28;67068
ESC MUN ENS FUN PATRONATO SANTO ANTONIO;2021/01/24;2021/01/25;143565
ESCOLA SARGENTO CAMARGO;2021/11/18;2022/04/07;107943
ESCOLA MUNICIPAL DE 1   GRAU MARIA OTILIA CARDOSO;2021/07/25;2021/10/06;61845
ESC BRIGADEIRO EDUARDO GOMES;2021/06/10;2021/10/15;9708
EMEF NEUSA MARIA PEYNEAU;2021/06/27;2021/09/07;68281
ESC TEC POP NSA SRA DA PAZ - B;2022/01/18;2022/02/04;28951
ESC EST SENADOR JOAO BOSCO RAMOS DE LIMA;2021/02/01;2021/04/28;30260
E M ANDRE GOMES DOS SANTOS;2022/04/21;2022/04/25;68331
ESCOLA MUNICIPAL ALEGRIA DO SABER FIDELINA DE ASSIS;2022/02/06;2022/04/11;24370
ESC MUL FREI NAZARENO CONFALONI;2021/12/13;2021/12/28;82043
EMEF IRMA JACINTA SOARES DE SOUZA LIMA;2021/02/16;2021/04/19;87214
ESC MUN ENS FUN ALZEMIRO CANDIDO DE OLIVEIRA;2021/04/28;2021/10/08;16364
ESCOLA MUNICIPAL PADRE CIPRIANO DOUMA;2021/07/16;2022/03/27;87534
LEVY DE AZEVEDO SODRE, PROF.;2021/09/07;2022/02/06;74659
GRUPO ESCOLAR MUNICIPAL NELSA LUZIA TEIXEIRA;2022/03/30;2022/04/08;126735
EE DEPUTADO ALVARO SALLES;2022/04/11;2022/04/26;45891
CE SEVERINO PEREIRA DA SILVA;2021/12/09;2022/03/18;125524
BOSCO E M DOM ED INF ENS FUND;2022/03/20;2022/04/10;41872
PROFESSORA LUCIANA DAMAS BEZERRA;2021/08/26;2022/03/11;34623
E E E F M S FELIPE;2021/07/31;2021/08/06;34150
EEB DR ADERBAL RAMOS DA SILVA;2021/08/03;2021/12/06;126279
EEB MELCHIADES BONIFACIO ESPINDOLA;2021/03/23;2021/08/05;137532
ESCOLA MUNICIPAL VEREADOR EUDILTON MIRANDA;2021/12/28;2022/02/10;37021
ESC MUL DE ENS FUND DONA JOSEFINA;2021/03/06;2022/04/18;32558
ESC MUL EVA VIEIRA DE ALMEIDA;2022/01/22;2022/03/16;119378
ESC EST ENS FUND MINISTRO POTY MEDEIROS;2022/03/31;2022/04/06;103382
BENITO MARTINELLI PROF;2021/08/06;2021/08/20;81675
E M E I F PROF EURIDICE SOARES MARQUES DE SOUSA;2021/09/05;2022/03/23;10870
INSTITUTO METODISTA DE PETROPOLIS;2022/04/05;2022/04/25;122290
EE MAL CASTELO BRANCO;2021/08/05;2021/11/20;30430
EEF PREFEITO QUINTILIANO JOAO PACHECO;2021/05/01;2021/12/24;59055
CENTRO EDUCACIONAL AGUA AZUL ESCOLA DO CAMPO;2021/08/22;2022/01/07;106278
ESCOLA MUL MONS ESTANISLAU F DE CARVALHO;2022/03/08;2022/03/25;91521
ENSINO MEDIO AUGUSTINHO BRANDAO;2021/06/14;2022/04/24;53295
EE CONDE AFONSO CELSO;2021/09/17;2022/03/29;8267
EMEIEF AGUINALDO DE OLIVEIRA PONTES;2021/08/30;2021/09/27;68124
ISABEL E M PRINCESA E FUND;2021/05/29;2021/09/08;32208
EE 13 DE MAIO;2021/01/06;2022/03/04;34766
ESC MUL PLACIDO DE ALMEIDA;2021/09/16;2021/10/07;114779
JOAO JAYME M GUERRA, ESC ISOL PROF;2022/03/21;2022/04/28;24676
EE PROF FAUSTA GARCIA BUENO;2021/05/09;2021/07/09;18026
ELISA DE CAMPOS LIMA NOVELLI DONA;2021/10/29;2022/03/22;97469
ESC ROBERTO BORGES;2022/02/25;2022/04/08;21023
ESCOLA MUNICIPAL JOSE JOAQUIM JENIER;2021/10/13;2022/01/20;92521
EEB SAO JOSE;2021/04/27;2021/06/14;54445
EE PRESIDENTE JOAO PINHEIRO;2021/02/08;2021/10/17;39166
PINGO DE GENTE PRE ESC MUN ED INF;2022/01/03;2022/01/19;125590
EE SIRIA MARQUES DA SILVA;2021/02/11;2021/10/22;30937
Polo UAB de Campo Grande - MS;2021/06/17;2021/07/18;41170
OSWALDO CRUZ DR EM UNIDADE II;2021/08/07;2022/01/31;24790
LOURENCO FILHO E M PROF ED INF E FUND;2021/08/19;2021/11/10;79431
CIEP BRIZOLAO 406 LUDEVIS TEIXEIRA BASTOS;2021/06/22;2021/10/21;13209
EEEFM HONORATO FILGUEIRAS;2022/04/20;2022/04/24;41463
ESCOLA MUNICIPAL DE EDUCAÇAO INFANTIL BEM ME QUER;2022/03/14;2022/04/15;53022
UD DE TROMBUDO CENTRAL;2022/03/22;2022/03/24;65088
ESC MUN ENS FUND BOA VISTA DO CADEADO;2022/01/20;2022/04/02;112696
ANA HERONDINA SOARES SCHYCHOF PROFESSORA;2022/04/07;2022/04/13;56757
EE - COLEGIO ESTADUAL GETULIO VARGAS;2021/01/18;2021/02/26;59643
COLEGIO ESTADUAL LEO LYNCE;2022/02/05;2022/03/05;130858
EMEF PROF ERNESTO NASCIMENTO;2022/04/08;2022/04/11;110970
E M E B RODRIGO DAMASCENO;2021/07/21;2021/10/08;117436
ESCOLA DE EDUCACAO BASICA MUNICIPAL 12 DE MAIO;2022/04/04;2022/04/06;24915
EMEF ANGELO ZANI;2021/08/18;2022/04/22;139549
ESCOLA MUNICIPAL EDIVALDO BOAVENTURA;2021/05/29;2022/01/22;54994
Polo UAB de Formiga;2021/01/26;2021/04/15;120542
EE DONA ROSA FRIGGER PIOVEZAN;2021/02/11;2021/11/13;22564
EMEF ADV OTAVIO AMORIM;2021/08/03;2022/04/02;142672
ESCOLA MUNICIPAL FUNDAMENTAL DAVI CANABARRO;2022/03/29;2022/04/02;2447
PONTE DA AMIZADE E M ED INF ENS FUND;2021/06/20;2021/11/29;83199
CENTRO EST ED PROF PF MARIA L C BOMTEMPO;2021/01/09;2022/04/13;126847
MAISA APARECIDA RIBEIRO E.M.;2021/04/01;2021/08/04;134305
CEJA PAULO FREIRE;2021/12/31;2022/03/13;142812
EM DE TIMOTEO;2022/03/07;2022/03/13;34859
EM CAPITAO MORBELLO VENDRAMINI;2021/02/05;2021/12/18;7864
EEEFM MANOEL LOBATO;2022/03/22;2022/04/26;14682
AUGUSTO CESAR RIBEIRO PROF REMEFI;2021/05/07;2021/10/01;16319
ESCOLA MUNICPAL AMARO GONZAGA;2021/07/31;2022/02/15;98785
NUCLEO DE EDUCACAO INFANTIL DAVID ABREU DE SOUSA;2021/03/30;2021/08/08;16112
INSTITUTO ESTADUAL DE EDUCACAO BORGES DO CANTO;2021/05/06;2021/07/13;27277
0918029 ESCOLA MUNICIPAL PRESIDENTE ARTHUR BERNARDES;2021/06/24;2022/04/26;25080
E M JOSE ROBERTO SAMPAIO;2022/01/27;2022/03/12;106336
EE SANTO ANTONIO;2022/04/09;2022/04/18;84839
EE FRANCISCO DO CARMO;2022/03/24;2022/03/26;86293
COLEGIO ESTADUAL EURIPEDES BARSANULFO;2021/07/30;2022/01/07;97927
CE JOAO PESSOA;2022/03/06;2022/03/30;61150
EM MURILLO GARCIA MOREIRA;2021/11/19;2022/03/05;32664
ESC EST ENS FUN SANTA RITA DE CASSIA;2021/05/17;2021/06/07;19141
EEEF SANTA FILOMENA;2022/04/10;2022/04/28;23442
ESCOLA MUNICIPALIZADA CLEMENCEAU TEIXEIRA;2022/04/23;2022/04/23;56381
NTM - CAICÓ;2021/11/25;2022/04/11;33233
EE - ESCOLA ESTADUAL DOUTOR ANTONIO CARLOS MAGALHAES;2021/03/08;2022/02/27;79715
CEF 213 DE SANTA MARIA;2022/04/26;2022/04/28;68215
0313034 ESCOLA MUNICIPAL HELIO SMIDT;2021/06/14;2021/12/28;38668
EM JOAO MAZILAO;2021/04/16;2021/06/12;148055
C E ESTEFANIA PEREIRA PINTO;2022/01/02;2022/02/04;87968
WILSON BASTOS RODRIGUES CEI;2021/09/14;2022/04/24;36176
MARCIONILLO TIBURCIO ESC MUN ENS FUND;2021/04/04;2021/09/24;10548
CE ALICE PACCINI GELIO;2022/01/27;2022/04/02;51186
ESCOLA ESTADUAL PROFESSORA NORMELIA ARAUJO MELO;2021/04/03;2021/09/09;134646
ESC MUL MONS FRANCISCO DA S PINTO;2021/10/02;2022/04/19;40408
EE - COLEGIO ESTADUAL ALIPIO FRANCA;2021/01/19;2021/04/03;26018
ESC EST ENS MED ZENIR GHIZZI DA SILVA;2021/06/28;2021/08/21;13933
0205006 ESCOLA MUNICIPAL DOM AQUINO CORREA;2021/05/26;2021/08/01;21643
ESC MUL PROFA MARIA DO SOCORRO CORTEZ;2021/06/20;2022/01/15;132601
ESCOLA MUNICIPAL FRANCISCO BENICIO DOS SANTOS;2021/11/14;2022/03/23;15650
ESCOLA DOM JOAO CRISOSTOMO;2021/03/23;2022/02/15;31715
MARIA VERA LOMBARDI SIQUEIRA PROFA;2021/04/15;2021/08/01;64171
ESCOLA ESTADUAL DR EDIVALDO MACHADO BOAVENTURA;2022/02/24;2022/03/21;85444
JOSE WILSON PADINHA PROF;2021/10/25;2022/03/13;134988
GENESIO MACHADO PROFESSOR;2021/03/27;2022/04/22;129110
ESC MUL MARIA LIRA;2021/01/17;2022/01/26;2571
INTEGRANDO O SABER EMEIEF;2021/08/03;2022/03/09;8261
0833042 ESCOLA MUNICIPAL PADRE LEONEL FRANCA;2021/01/10;2021/10/04;36439
CENTRO EDUCACIONAL DE ITACARE;2021/08/14;2021/09/08;21738
SANTO ANTONIO E R M EF;2021/09/12;2022/02/28;134732
ESCOLASTICA ROSA DE ALMEIDA PROFESSORA;2022/04/11;2022/04/14;29418
ROMEU DE MORAES;2021/05/07;2022/03/19;8586
ESCOLA MUNICIPAL DOM HELDER CAMARA;2021/10/17;2022/01/19;82566
ESCOLA MUNICIPAL DE PILAO ARCADO;2021/11/12;2022/03/30;118577
EM MARIA LUIZA DA PAIXAO;2022/01/02;2022/03/27;127744
FAXINAL DA BOA VISTA C E E FUND MEDIO;2022/03/03;2022/04/02;18489
CEI - PROF OLIVALTO ELIAS DA SILVA;2021/01/19;2022/03/09;8381
ESCOLA MUNICIPAL JARDIM PRIMAVERA;2021/10/16;2021/11/18;23857
ESCOLA IGREJA BATISTA;2021/06/25;2022/04/12;34572
ESC MUL ARY RIBEIRO VALADAO FILHO;2021/11/29;2021/12/30;96551
ESCOLA ESTADUAL NOSSA SENHORA DE NAZARE;2022/02/19;2022/04/05;19083
CE GUADALUPE;2021/09/01;2021/10/24;113702
EM FERNAO DIAS PAES;2022/01/27;2022/02/11;6885
EM PROF EVALDO FONTES;2021/07/22;2021/09/06;93834
ESPACO MUL DE ENSINO SUPLETIVO;2021/06/29;2022/03/03;122779
MATHEUS MAYLASKY EM;2021/03/19;2021/06/16;90501
CE PROFESSOR MURILO BRAGA;2021/02/11;2021/07/15;62460
EE MAL RONDON;2021/02/02;2021/11/17;77933
ESCOLA DE ENS FUND DR HENRIQUE EQUELMAN;2021/02/14;2022/02/15;121128
PEM MORANGUINHO;2021/11/15;2022/03/30;97300
SEBASTIAO FLORENCIO DE ATHAYDE DR EMEF;2021/06/14;2022/04/22;41509
ESCOLA ESTADUAL PROF IZABEL ESTEVES DE FREITAS;2022/03/21;2022/04/14;13696
E M E F ELOI CARDOSO;2022/03/13;2022/04/01;130241
EE - COLEGIO ESTADUAL MARIA EVANGELINA LIMA SANTOS;2021/09/06;2021/11/06;129171
CENTRO MUNICIPAL DE EDUCACAO ESPECIAL;2021/11/12;2022/04/01;89186
EEB CONEGO NICOLAU GESING;2022/04/25;2022/04/26;51345
LUIZA MENDES RODRIGUES EEF;2021/05/08;2022/01/16;121009
0411017 ESCOLA MUNICIPAL MINISTRO AFRANIO COSTA;2021/11/07;2022/03/13;61244
JOANA VALACHE ESCOLA MUNICIPAL DE EDUCACAO ESPECIAL;2021/04/15;2022/03/29;114898
ESCOLA MUNICIPAL AURELIO BUARQUE DE HOLANDA;2021/02/01;2021/06/08;88594
EEEF CASTRO PINTO;2021/03/12;2022/01/13;76700
NTE - CARATINGA;2021/11/07;2021/11/16;56902
ESCOLA PARQUE LIONS CLUB;2021/01/17;2021/12/30;54665
ESCOLA MUNICIPAL CEI PROFESSOR LAURO ESMANHOTO - EDUCACAO INFANTIL E ENSINO FUNDAMENTAL;2021/05/16;2022/04/11;32622
UNID ESC JOSE LEONCIO DE BARROS;2021/06/13;2021/10/15;91947
E M E F PAULO RODRIGUES DOS SANTOS;2021/11/25;2022/04/26;45059
GRUPO ESCOLAR JOSE LAZARO PEREIRA;2022/01/25;2022/04/13;15070
E M E F CREUZA DE SOUZA VIANA;2022/03/13;2022/03/17;89055
ESC MUNICIPAL DR APARICIO COUTO MOREIRA;2021/02/18;2022/01/30;63687
NARCISO PESSOA DE ARAUJO EMEIEF;2021/05/27;2022/03/12;104936
PROJETO VARANDA POLO 2 CLASSES DESCENTRALIZADAS;2021/07/14;2021/08/12;8978
E M MARIA GONZAGA DE OLIVEIRA;2021/02/14;2021/07/22;107427
ESCOLA CRECHE EMILIA CAVALCANTE DE MORAIS NETA;2021/12/02;2022/04/20;116224
EMEF OZIEL ALVES PEREIRA;2021/02/15;2021/03/17;95486
EMEF DARCY RIBEIRO;2022/03/07;2022/03/28;88518
CEEBJA CAMPO MOURAO ENS FUND MED;2021/10/18;2022/01/22;147269
ESCOLA MUNICIPAL ENY CALDEIRA - EDUCACAO INFANTIL E ENSINO FUNDAMENTAL;2021/08/18;2022/02/17;102178
IZABEL BRANCO PROFA EMEF;2021/06/27;2021/11/04;70390
EEB DR GUILHERME JOSE MISSEN;2021/02/16;2022/02/05;128905
EM VALERIO CARLOS DA COSTA;2021/06/27;2021/08/14;29375
EMEF DEZENOVE DE MARCO;2022/01/07;2022/04/22;110313
ESC EST ENS FUN IRMAOS ANDRADAS;2021/03/17;2021/08/11;17797
HEITOR GLOEDEN EMEF;2022/01/18;2022/04/28;142025
EE PROF DAVID PROCOPIO;2021/01/13;2021/05/13;134759
ESCOLA MUNICIPAL MENINO JESUS DE PRAGA;2021/06/18;2021/10/29;122190
MAURO APARECIDO DE GODOY EMEIEF;2021/04/11;2022/01/11;35298
ESCOLA MUNICIPALIZADA JOHN KENNEDY;2022/02/07;2022/04/21;19560
INSTITUTO DE EDUCACAO;2021/06/06;2021/06/18;1834
RUTH P ROCHA E M PROFA ED INF ENS FUND;2021/06/23;2022/02/11;145574
ESC EST PROF JOSE ELNO FERREIRA DE SOUZA;2021/12/26;2022/03/16;76140
ESCOLA DA APAE;2021/01/03;2022/02/10;97161
EDMUNDO DE CARVALHO DR;2021/07/10;2021/12/12;125861
ERC PEQUENO PRINCIPE;2021/05/07;2022/01/10;114871
ELISA MOREIRA DOS SANTOS D.EMEF;2021/12/22;2022/01/06;98588
JARDIM NOSSA SENHORA AUXILIADORA EMEI;2021/10/21;2021/12/09;149752
CESG PROF  LOURDES GUSMAO;2022/02/23;2022/04/05;74538
EEB PROF NEUSA OSTETTO CARDOSO;2021/11/23;2022/03/14;14522
SAO FRANCISCO DAS CHAGAS EEIEF;2021/06/28;2021/11/16;70812
ESCOLA ESTADUAL DEPUTADO JOSE MEDEIROS;2021/12/14;2022/01/04;138638
EM JACINTO SILVEIRA NETO;2021/07/05;2022/02/04;55764
E E E F M DR LAURENO ALVES DE MELO;2021/03/02;2021/12/15;29191
CENTRO DE ATIVIDADE COMPLEMENTAR - PETI;2021/11/15;2022/02/09;124261
MOACYR TEIXEIRA DOUTOR;2021/11/13;2022/04/26;122346
COLEGIO ESTADUAL CHRISANTO HENRIQUE DE SOUZA;2021/08/13;2022/02/25;42128
EE - COLEGIO GEORGINA SOARES NASCIMENTO;2021/05/31;2021/10/10;36267
COLEGIO ESTADUAL DR RUBENS CARNEIRO DOS SANTOS;2022/01/31;2022/02/16;94451
EE MARIA QUITERIA;2022/03/04;2022/04/21;116796
0716065 ESCOLA MUNICIPAL CARLOS DE LAET;2021/12/24;2022/02/05;142885
ESCOLA MUNICIPAL MARIA DARC CARNEIRO VIEIRA DE SA;2021/11/12;2022/04/14;26397
E M MARIA AUGUSTA LOPES;2021/03/12;2021/10/26;34676
RODRIGUES DE ABREU ETE;2021/06/05;2021/06/05;36379
CE JOSE SARNEY COSTA;2022/03/09;2022/04/04;58320
ESCOLA ESTADUAL CONRADO PINTO GOMES;2021/10/30;2022/04/22;89486
E M E I F A MAO COOPERADORA;2021/11/14;2022/02/03;83359
ESC EST PROF EDNA MARIA QUEIROZ DA SILVA;2021/04/07;2021/12/09;140479
ESC MUN ENS FUN PRESIDENTE VARGAS;2021/11/03;2022/04/27;81581
FRANCISCO RIBEIRO EMEF;2021/12/17;2022/02/06;106929
RACHEL DE QUEIROZ ESCOLA MUN DE ENSINO FUNDAMENTAL;2022/04/09;2022/04/09;36348
PARQUE MARAJOARA II;2021/02/22;2021/02/25;24238
ESCOLA ESTADUAL MANOEL BATISTA;2021/01/06;2021/04/11;120922
AFONSO CAFARO;2022/03/04;2022/04/16;59671
EE JACINTO DE MAGALHAES;2021/04/28;2022/03/18;48849
EM AMYNTHAS JACQUES DE MORAES;2021/07/08;2022/03/15;7272
EE FREI GASPAR DE MODICA;2022/02/22;2022/03/15;27875
ESCOLA DE REFERENCIA EM ENSINO MEDIO OLIVEIRA LIMA;2022/01/14;2022/04/18;58407
BERNARDINO MARQUES DA SILVA PREF EMEF;2021/05/22;2021/10/05;28217
GRUPO ESCOLAR NAVARRO DE BRITO;2021/07/03;2022/01/16;64491
OSWALDO RIBEIRO JUNQUEIRA;2021/05/27;2022/02/14;35254
ESCOLA MUNICIPAL GRACY VIANNA LAGE;2022/02/08;2022/04/08;146495
EM FRANCISCO CAMPOS;2021/03/23;2021/07/10;59237
CE COELHO NETO;2021/12/18;2022/04/28;145754
EEEF SENADOR TEOTONIO VILELA;2021/04/27;2021/07/27;14234
ESCOLA MUL PROFA SEVY FERREIRA BARROS;2021/08/31;2022/04/15;11944
EE - ESCOLA ESTADUAL JOSIAS DE ALMEIDA MELO;2021/01/06;2021/03/07;120660
ESC MUN ENS FUN ERNESTO PANDOLFO;2021/12/21;2021/12/24;118146
ESCOLA MUNICIPAL PROF  DELIA DO AMARAL G SANTOS;2022/01/24;2022/04/11;44996
EEEF LUIZ DE CAMOES;2022/02/13;2022/02/25;112595
SILVIO DE ALMEIDA;2021/08/25;2021/08/30;69602
EEEF JOAO URSULO;2021/10/01;2021/11/16;146224
TANCREDO NEVES E M ENS FUND;2021/02/05;2022/01/07;22296
ESCOLA MUNICIPAL DA JUREMA;2021/10/11;2022/03/09;12838
MARIA GEMMA DE SOUZA OLIVEIRA PROFA;2022/02/11;2022/03/30;4122
ESCOLA MUNICIPAL JOAO FELIPE;2022/01/01;2022/04/23;149416
UNID ESC DR JOSE DE MOURA FE;2022/04/23;2022/04/27;118204
ESC MUN ENS FUN ADELINO LOPES DA SILVA;2021/02/27;2021/12/15;136283
FRANCISCO RIBEIRO ROSA PROF;2022/01/11;2022/01/31;114939
JULIO SZYMANSKI C E PROF E MED PROF N;2022/04/09;2022/04/27;80598
EEEFM GOVERNADOR CLOVIS BEZERRA CAVALCANTI;2021/12/12;2021/12/22;61232
VINICIO SPESSOTTO EMEI;2021/05/31;2021/07/23;130281
EM JARBAS PASSARINHO;2021/11/03;2022/01/24;43785
ESC MUL MANOEL FRANCISCO GARCIA MARQUES;2022/01/09;2022/02/25;106442
ESCOLA JOAQUIM VALOIS COUTINHO NETO;2021/06/14;2021/12/31;116128
INSTITUTO ED TURMINHA FELIZ;2021/05/10;2021/11/11;16015
MONTEIRO LOBATO EM;2021/05/31;2022/01/28;45615
ESC MUL PROFA TEREZA SATSUQUI;2021/01/28;2021/11/23;70729
WALDOMIRO GOMES EMEF;2021/10/20;2021/12/26;49814
EEEF ANDRE VIDAL DE NEGREIROS;2021/01/20;2021/01/31;67285
UE MARANHAO SOBRINHO;2021/12/26;2022/01/21;87627
IEMA - INSTITUTO ESTADUAL DE EDUCACAO CIENCIA E TECNOLOGIA D;2021/03/11;2021/10/25;144463
ESCOLA MUNICIPAL PROFESSORA ENY NOVAIS MAFRA;2021/08/21;2022/04/01;47784
CEMUS VII - MARIA JESUINA NASCIMENTO DE MORAES PRO;2021/03/02;2021/11/14;32306
ESC EST PROF MARIA JOSE DE S E SILVA;2021/04/26;2021/12/30;43347
ESCOLA PROF DAHILVA SIQUEIRA;2021/07/17;2021/07/28;90616
WILSON PEREIRA DA SILVA PROFESSOR - EM;2021/01/31;2021/04/26;88451
MUFARREGE SALOMAO CHAMMA E.M;2021/07/05;2022/04/11;32453
U E PROF  CECI TEIXEIRA LIMA E SILVA;2022/03/21;2022/04/17;56384
ESCOLA MUL LEONARDO DE ARAUJO PIMENTEL;2021/09/23;2021/10/11;42861
EMEIF JONATHAN DA ROCHA ALCOFORADO;2021/08/17;2021/10/05;112572
EMEF DEISE FRANCOISE;2021/02/02;2022/03/27;79814
SERVICO DE CONVIVENCIA E FORTALECIMENTO DE VINCULOS;2021/06/12;2021/08/18;5083
UEB RIVANDA BERENICE BRAGA;2022/01/14;2022/04/14;147773
ESCOLA MUNICIPAL PEDRO FELIX DE MELO;2021/06/03;2021/07/22;106162
EM PROFA MARIA CARMO RIBEIRO UNID II;2022/02/27;2022/03/17;20463
OSWALDO QUIRINO SIMOES EMEF;2021/12/04;2021/12/13;74757
UI GOVERNADOR JOSE MURAD;2022/04/11;2022/04/22;87062
NTM - VILA VELHA;2021/09/24;2021/11/22;124981
ESCOLA MUNICIPAL MARGARIDA SERPA COSSART;2021/03/12;2021/06/23;39626
EM PREF JOSE ESTEVES;2021/01/06;2021/08/31;2273
ZULEIKA LAZZARO BARBI PROFESSORA EMEIF;2022/01/06;2022/03/31;44412
EE INDEPENDENCIA;2022/02/10;2022/02/22;51203
Polo UAB de Belém - PA  UAB 3 - IEP;2022/03/20;2022/04/14;130327
ESCOLA ESTADUAL PEDRO DINIZ GONCALVES;2021/11/18;2022/03/03;11058
CE PROFESSOR JOSE MEDEIROS DE CAMARGO;2021/01/25;2022/01/27;52597
UNID ESC PROF PINHEIRO MACHADO;2021/02/09;2021/05/23;79273
MARIA DE FATIMA GOMES ALVES;2021/09/16;2022/03/27;60696
ESCOLA DE REFERENCIA EM ENSINO MEDIO SILVA JARDIM;2021/11/02;2021/12/22;58193
EMEIF YOLANDA QUEIROZ;2021/09/12;2022/02/01;85934
EEEF OITO DE JULHO;2021/04/14;2021/07/31;34684
EE SINFRONIO FERNANDES;2021/10/02;2021/12/02;134974
ESCOLA EFANDIL SOARES DA SILVA;2021/01/04;2021/08/24;148941
ESC MUL ANTONIO EZEQUIEL PORTUGAL;2021/12/09;2022/04/26;41401
CE ESTADO DO RIO DE JANEIRO;2021/04/07;2022/01/13;112594
ESCOLA ESTADUAL PROFESSORA RUTH MENDONCA;2021/01/11;2022/04/26;78510
COLEGIO EST NOSSO SENHOR DO BONFIM;2022/02/08;2022/03/03;7459
CAXIAS E M DUQUE DE ED INF ENS FUND;2021/06/27;2021/12/18;5872
ESCOLA MUNICIPAL RAULINO QUEIROZ;2022/01/29;2022/02/21;27769
ESCOLA MUNICIPAL PROFESSORA EMILIANA SOUZA OLIVEIRA;2021/06/24;2021/11/29;42429
ESC MUN ENS FUN ELEMAR GUILHERME KROTH;2022/03/07;2022/04/19;76014
EEEFM PROF JOSEFA JUSTINO GOMES;2021/04/10;2021/12/03;65689
Polo UAB de Itaqui;2021/05/18;2021/11/22;146874
PEM INFANCIA FELIZ;2021/11/20;2022/01/02;25742
ESCOLA MUNICIPAL PROFESSOR CALAZANS GUERRA;2021/08/24;2022/03/21;143725
ESC MUL CEL MARIZ;2021/10/25;2022/01/06;37879
GRUPO ESCOLAR PRESIDENTE EMILIO GARRASTAZU MEDICI;2021/05/17;2021/07/12;68809
E MUNICIPAL DE EDUCAÇAO INFANTIL SAO JOSE;2021/04/28;2021/12/04;144188
ESCOLA BARTOLOMEU DOS SANTOS MATOS;2022/03/21;2022/04/06;36138
ESC MUN ENS FUN DR ALTAMIR DE LACERDA NASCIMENTO;2021/04/25;2022/04/06;147627
ANDRE ANDREATTA C E E FUND MEDIO;2021/05/10;2021/10/19;93773
GRUPO ESCOLAR MIGUEL FERNANDES;2021/12/23;2022/01/03;125957
JOSE MARIA DE ALMEIDA PRADO COMEND.EMEF;2021/07/08;2021/12/09;94634
ESCOLA NOSSA SENHORA AUXILIADORA;2022/03/16;2022/04/20;25377
ESC APLICACAO PROFA IVONITA ALVES GUERRA;2021/04/22;2021/09/11;77640
ESC MUL JOAO XXIII;2021/01/27;2021/05/04;18516
E M E I SAGRADO CORAÇAO DE JESUS;2021/05/23;2021/05/31;4060
ESC EST PROF  ROBERTO JOSE MORAIS DE CASTRO;2021/06/30;2021/10/05;96487
EE 15 DE JUNHO;2021/04/03;2022/03/11;103972
ESC MUL MONS JOSE FLORENTINO DE OLIVEIRA;2021/02/01;2021/09/15;110153
CRECHE TIA ANGELICA;2021/05/29;2022/01/26;47171
NUCLEO DE EDUCAÇAO INFANTIL MEU PRIMEIRO PASSO;2021/09/14;2022/04/25;62438
JARDIM UNIVERSITARIO E E E FUND;2021/05/20;2021/07/03;94679
EM DE ANDREQUICE;2021/10/17;2022/04/27;20357
CAIC JORNALISTA JOEL SILVEIRA;2021/12/09;2022/02/05;6372
ESC MUN ENS FUN MAXIMO LAVIAGUERRE;2021/08/16;2022/03/08;3983
EEEM PAULO FREIRE;2021/03/03;2022/04/26;138192
ESCOLA MUNICIPAL DE ENSINO FUNDAMENTAL PEQUENO PRINCIPE;2021/09/25;2022/01/22;74262
COLEGIO ESTADUAL DE BRAZABRANTES;2021/12/05;2022/02/19;89598
EM IZABEL GOMES TEIXEIRA;2021/07/15;2021/12/06;10296
C. DE EDUC. PROFISSIONAL EZEQUIEL FERREIRA LIMA;2022/04/26;2022/04/27;67745
EB MUN BAIRRO BORTOLOTTO;2021/12/22;2022/04/03;126034
EEM ANTONIO PASCHOAL APOSTOLO;2021/06/21;2022/03/13;61164
SESI- ESCOLA ALVIMAR CARNEIRO DE RESENDE;2021/07/13;2021/07/22;97572
ESCOLA ESTADUAL OLIMPIO ALVES;2021/08/24;2021/12/22;120546
ESCOLA MUL ROSA MISTICA;2021/10/06;2022/02/26;96778
EMEB PROF ELZA LUIZA ESTEVES;2022/04/28;2022/04/28;111738
EM DR EMILIO ABDON POVOA;2021/04/11;2021/06/10;146647
E M E I F FREI GIL DE VILANOVA;2022/04/14;2022/04/19;20104
ESCOLA MUNICIPAL DO NATAL;2021/02/12;2021/07/25;72454
ESCOLA AARAO LINS DE ANDRADE;2022/01/19;2022/04/28;32648
PEM PATO DONALD;2022/04/28;2022/04/28;141411
EB MUN SOPHIA SCHWEDLER;2021/02/22;2021/08/29;4860
ESC MUL EDUCAÇAO INFANTIL VIVENDO E APRENDENDO;2021/11/18;2022/03/11;58564
IDALIA GOES E M PROFA ED INF E FUND;2021/03/27;2021/05/20;4829
ESCOLA MINIMA FLORESTINHA;2022/03/11;2022/03/21;40987
ER MUN PRES TANCREDO DE ALMEIDA NEVES;2021/01/27;2021/05/18;82218
EE MARIA ZELI DINIZ FONSECA;2021/09/21;2022/04/02;68174
COLEGIO ESTADUAL PRESIDENTE COSTA E SILVA;2021/05/08;2021/11/03;52410
UMEF ANTONIO BEZERRA DE FARIAS;2022/04/03;2022/04/14;57370
ESC ARTUR LEBRE;2021/01/29;2021/10/12;115996
ODILA AMARAL BOTTCHER PROFA EMEF;2021/08/31;2022/03/17;1196
EE PROF STELLA GONCALVES;2021/12/11;2022/03/15;58764
UNIDADE ESCOLAR FUNDACAO LAURO RIBEIRO;2021/08/28;2022/03/02;13059
ESCOLA MUNICIPAL SAO MATEUS DO SUL - EDUCACAO INFANTIL E ENSINO FUNDAMENTAL;2021/08/03;2022/01/05;64274
CES DA ILHA DO GOVERNADOR;2021/06/01;2021/12/10;48807
CE MENINO JESUS DE PRAGA;2021/02/21;2022/02/03;136268
CAIC EM PE JOAO BRUNO;2022/03/09;2022/04/11;66966
HOMEM DE MELLO BARAO;2021/01/17;2021/08/14;8355
ESCOLA CLEMENTINO FRANCISCO DE LIMA;2021/05/15;2021/06/26;131311
EM MUNDO ENCANTADO;2021/03/21;2021/10/09;145229
CLOVIS GUIMARAES SPINOLA EM;2021/12/30;2022/04/03;44313
ESCOLA MUNICIPAL PROFESSORA CIRAN DE SOUZA DA PAZ;2021/11/10;2021/12/01;28606
EE - COLEGIO ESTADUAL JOAO UBALDO RIBEIRO;2021/03/25;2021/09/15;101124
CHAPEUZINHO VERMELHO PRE ESC MUN ED INF;2021/05/30;2022/04/05;33468
EE - ESCOLA ESTADUAL SEVERINO VIEIRA;2021/02/09;2022/01/29;19875
E M ANA NERY;2021/06/30;2021/08/09;12144
EMEF LUCIANO RIBEIRO DE MORAIS;2021/04/15;2021/05/14;57430
ESCOLA ESTADUAL MARIA OLINTA DE ALMEIDA;2022/02/10;2022/02/19;36282
CORNELIO ROSA E E F;2021/05/08;2022/03/15;96866
EC 52 DE TAGUATINGA;2021/01/15;2021/12/17;134512
ANGELA CURY ZAKIA PROFA.EMEF;2022/03/06;2022/04/16;134648
TEREZINHA DE JESUS SOARES QUINALHA PROF EMEFEI;2021/09/28;2021/11/10;41970
UMEF REV ANTONIO DA SILVA COSMO;2021/07/20;2021/08/07;108883
GRUPO ESCOLAR DOM EXPEDITO LOPES;2021/07/01;2021/10/12;130595
CENTRO INTEGRADO DE EDUCACAO DE LACERDOPOLIS;2021/11/23;2022/02/25;73751
CEJA DE SAO BENTO DO SUL;2022/03/14;2022/04/18;87106
EEM DEPUTADO MANOEL RODRIGUES;2022/04/06;2022/04/14;93564
ESCOLA MUNICIPAL COSME DE FARIAS;2022/01/06;2022/01/12;100605
EE TEODORICO RIBEIRO DE ASSIS;2022/04/26;2022/04/27;36362
ELEAZAR DE CARVALHO MAESTRO EMEF;2021/02/07;2021/12/20;47717
ESCOLA ESTADUAL PROF WALDIR GARCIA;2021/03/22;2021/12/17;97053
COLEGIO ESTADUAL ADELINO ANTONIO GOMIDE;2022/04/22;2022/04/26;13587
EMEF PROF JOAO TOLEDO;2021/09/11;2021/12/22;70092
ELIZA RACHEL MACEDO DE SOUZA, PROFA.;2022/04/14;2022/04/20;99854
CE PROFA MARIA HELENA DUARTE;2021/11/16;2022/04/05;132794
ESCOLA MUNICIPAL JOSE LOPES VIANA;2021/12/05;2022/03/05;30305
CAMPO MAGRO C E ENS FUND MED;2021/02/02;2022/04/22;58258
EMEF LUCAS FERREIRA DE ANDRADE;2022/04/23;2022/04/28;122423
ESCOLINHA JOSE RIBEIRO SOARES;2021/10/24;2022/01/17;55085
1019049 ESCOLA MUNICIPAL MERALINA DE CASTRO;2021/06/27;2021/06/28;106654
CE MANOEL RODRIGUES DE BARROS;2021/03/16;2021/03/29;518
OSNY FLEURY DA SILVEIRA PROF DR E.M;2022/01/18;2022/03/02;104203
ESCOLA MUNICIPAL PROF WALFREDO DE ANDRADE FOGACA;2021/08/10;2022/04/02;57252
JERONIMO ONUMA C E PE E MEDIO;2021/02/28;2021/04/29;41431
PEM DO TEJUCO;2021/12/27;2022/04/07;66607
CEI MUN CRIANCA FELIZ;2022/02/07;2022/02/23;5676
CENTRO EDUC PROF PAULO DE TARSO F MACHADO;2022/01/29;2022/04/13;37496
BENEDITO DA COSTA MANSO EM;2021/03/31;2021/04/23;26360
ANTONIO ALCEU ZIELONKA E M E I E FUND;2021/04/29;2021/07/03;133441
EMEF ITAMARATI;2021/05/12;2022/03/01;144802
JANUARIO DA CUNHA BARBOSA EEIEF CONEGO;2022/04/22;2022/04/27;123633
EE - COLEGIO ESTADUAL PROFESSORA DELZAIR DO NASCIMENTO GALVAO;2021/12/21;2022/04/04;124016
CRECHE SEU TETE;2021/03/08;2022/04/20;43625
PEDRO ALEXANDRINO;2021/09/07;2021/12/30;147446
ESC EST DE ENS FUNDAMENTAL PROFESSOR IVO CORSEUIL;2022/02/10;2022/03/13;127122
EM SR ODORICO MARTINHO DA SILVA;2022/02/08;2022/04/17;141021
PEM AGENOR SAPATEIRO;2021/01/14;2021/08/01;145760
ESCOLA MUNICIPAL PILARZINHO- EDUCACAO INFANTIL E ENSINO FUND;2021/04/16;2021/07/23;12043
ITELVINA SILVINA DE PINHO E M E B;2021/12/09;2022/04/03;5114
EM ZENI GIANINI ALVARENGA;2021/09/10;2022/01/26;29802
ODETE BORGES BOTELHO C E E FUND MEDIO;2021/05/16;2022/03/09;139783
EE - COLEGIO ESTADUAL MARCILIO DIAS;2021/09/02;2022/01/01;109577
ROMANA C KLUPPEL E M ED INF ENS FUND;2022/01/04;2022/02/26;77587
EEB PROF GIOVANI TRENTINI;2021/12/26;2022/01/08;68969
CIEP BRIZOLAO 113 PROFESSOR WALDICK PEREIRA;2021/02/01;2022/02/01;6574
EM HAROLDO MELO;2021/11/05;2022/02/26;606
E E E M LAMEIRA BITTENCOURT;2021/10/22;2022/03/20;33965
EMEIF SANTA TEREZA;2021/12/16;2022/04/26;12730
GOVERNADOR GONZAGA MOTA EEFM;2021/12/29;2022/01/26;20209
JOAO LIGABUE CONEGO;2021/01/04;2021/02/25;24678
JOAQUIM MARQUES DA SILVA SOBRINHO TTE;2021/06/19;2021/09/16;39386
COLEGIO CATHARINA  BORGES DE SENA;2021/01/08;2021/04/03;50182
ERC E F ALICE FANJAS;2021/03/24;2021/08/02;13080
ROQUE VERANI PROF EMEF;2021/02/01;2022/04/23;12893
ESC MUL RAIMUNDO NONATO DA SILVA;2022/04/13;2022/04/13;139936
BRANCA DE NEVE PRE ESC MUN ED INF;2021/04/27;2021/09/04;60785
JARDIM MORADA DO SOL;2021/12/31;2022/01/25;73087
LUIS GONZAGA CARVALHO MELO PROF;2022/02/24;2022/03/03;26379
EMEF SUZETE CUENDET;2021/07/06;2022/01/28;27057
CEI MUN PEDRO THEOBALDO;2021/03/01;2022/03/08;144602
0716061 ESCOLA MUNICIPAL MORVAN DE FIGUEIREDO;2022/03/13;2022/03/13;33002
ESCOLA MUNICIPAL BEATRIZ DE FARIAS;2021/09/08;2021/12/24;146001
ESCOLA MUNICIPAL SETE DE SETEMBRO;2021/02/28;2022/01/26;114983
CHACARA CAMPONESA JARDIM VASSOURAS;2021/05/02;2021/11/18;46567
ESC MUL 4 DE OUTUBRO ENS DE 1 GRAU;2021/07/29;2021/08/23;110453
ESCOLA MUNICIPAL MAGIA DO SABER;2022/04/12;2022/04/13;47417
MARIA SOCORRO GOUVEIA EEF;2021/12/11;2022/02/05;83028
ESC MUL PE RAIMUNDO NONATO PINHEIRO;2021/11/08;2022/01/29;105399
ESCOLA MUNICIPAL BARAO DE MACAUBAS;2021/10/28;2021/11/06;59422
EM LAERTE FRAGA;2022/02/02;2022/04/20;69849
E R C ISAAC NEWTON;2022/03/28;2022/04/24;38856
EMEF PROFESSOR VALDECIR SGARBI FILHO;2022/02/04;2022/03/17;102872
BENEDITO LUIZ BRAGA CIMEB;2021/05/16;2022/02/24;13129
ERNESTINO LOPES DA SILVA PROF;2021/11/30;2022/04/17;3409
ESCOLINHA TIA LEA;2021/08/07;2021/12/09;57073
ESCOLA PRESIDENTE CASTELO BRANCO;2021/07/31;2022/01/07;28127
ESCOLA MUNICIPAL VILA SOLIDARIEDADE;2021/09/07;2021/11/21;10503
ANTONIO IGLESIAS C E E FUND MED PROF;2021/08/14;2021/11/29;34617
MAURO FERREIRA DA SILVA PROF EM;2021/02/10;2021/10/08;11062
JOSE DE OLIVEIRA SANTOS E.M;2021/04/16;2021/07/25;18724
ESC MUL ENS FUND SELEC DOMINGUES DE FREITAS;2021/04/08;2021/05/12;114900
ESCOLA MUNICIPAL PAUL HARRIS;2022/03/04;2022/03/07;94010
EEEFM PROFESSOR JOSE LEAO NUNES;2021/04/30;2022/01/03;58962
EE PROFESSOR ANTONIO MARQUES;2021/12/01;2022/01/27;56802
ESCOLA MUL PROF FRANCY SILVA BARBOSA;2021/09/17;2022/03/14;29941
ESC MUN DE EDUCACAO BASICA SONHO ENCANTADO;2021/05/08;2021/07/08;144057
EMEB MUTIRAO;2022/02/17;2022/04/09;52435
EE - ESCOLA ROTARY ROSALVO FONSECA;2021/08/16;2021/12/21;86180
EE SAO MIGUEL;2022/04/14;2022/04/19;27536
GRUPO ESCOLAR DEPUTADO WILSON FALCAO;2021/11/28;2022/02/16;27296
JARDIM PEABIRU;2021/03/14;2021/12/01;148826
COL DR HERSCHELL CARVALHO;2021/11/14;2022/02/12;56464
NTE - JOAÇABA;2022/02/24;2022/02/26;58077
COLEGIO PROFESSOR DASIO JOSE DE SOUZA;2022/01/11;2022/01/16;143468
PEM PINGO GENTE;2022/03/08;2022/04/13;130684
ROMAO PAUL E M ED INF ENS FUND;2021/06/05;2021/11/15;8126
FRANCISCO BERALDO FILHO EMEF;2022/03/08;2022/04/07;80417
EE BOM JESUS;2021/01/17;2021/06/19;8032
ESC MUL DOMINGOS ALVES GAMA;2021/01/03;2021/08/09;5895
EM CLAUDIO DE OLIVEIRA;2021/06/17;2022/01/04;60073
EEEFM S PROF CAMILO SALGADO;2021/03/20;2022/02/12;100356
INSTITUTO DE EDUCACAO DO ESTADO DO PARA;2021/05/30;2021/12/10;81178
ESC EST ENS FUND DR THEODORO RIBAS SALLES;2022/03/17;2022/04/05;71578
E M E F MARECHAL CANDIDO RONDON;2021/07/19;2022/01/15;33471
EM VER JOSE VILHENA;2022/03/04;2022/04/04;72509
CE GUILHERME BUTZKE;2021/05/22;2022/02/20;43460
ESC MUL LUIZ CARLOS BIZINOTTO;2021/04/29;2021/06/15;39429
TEODOMIRO TOLEDO PIZA, DES.;2021/07/03;2022/04/03;56700
SHIRO KYONO DEPUTADO;2021/01/29;2022/01/25;18651
ESCOLA MUN PROFESSOR JOSE FLORENCIO NETO;2022/03/13;2022/03/14;93641
EMEF NEUSA NUNES GONCALVES;2021/02/13;2021/06/12;13187
EM PROF   JOAO ADOLFO JOSETTI;2021/01/07;2021/05/29;90127
RESIDENCIAL PACAEMBU EMEFEI DO;2021/01/27;2021/04/25;53601
ESC EST ENS FUN JASMELINO JARDIM;2022/01/22;2022/03/14;145159
CENTRO MUNICIPAL DE EDUCACAO INFANTIL RAIMUNDA MARTINS NUNES PORTELA;2021/08/22;2021/10/25;141193
EEFM SAO JOSE DOS ARPOADORES;2021/04/07;2022/01/29;47482
EMEI ESTRELA DA AMANHA;2021/11/09;2021/12/07;52817
AUGUSTA NOVAES CORONADO PROFA EMEF;2021/06/28;2021/12/08;32414
AIDA LEDA BAUER DAVIES PROFA;2021/06/03;2022/04/09;90821
GR ESC JOAQUIM LINS DE ALBUQUERQUE;2021/08/04;2022/02/17;39625
EM PROF LETICIA PECANHA DE AGUIAR;2021/02/05;2022/01/02;31722
EM ALCINO CARNEIRO - POLO;2021/01/22;2021/11/17;43730
GRUPO ESCOLAR ANA FRANCISCA MESSIAS;2022/02/14;2022/04/20;129341
NMDEE PROF IRENE FILIPPI TOME DE MOURA;2021/12/18;2021/12/28;111726
AMILCARE MATTEI PROF;2021/06/24;2021/08/17;144121
PEDRO DE MELLO;2021/08/08;2021/08/09;7629
EE PROF FRANCISCO BARBOSA ENS 1 E 2;2022/01/07;2022/02/07;85768
EM PROF JUSTINA BATALHA MACIEL RIBEIRO;2022/04/25;2022/04/27;142754
ESCOLA MUNICIPAL LIONS;2022/03/30;2022/04/25;123477
EE FERNAO DIAS;2021/10/04;2021/10/15;40087
POLO UAB - TANGARA DA SERRA;2021/07/01;2022/04/15;50422
EMEF IRAN COELHO DANTAS;2022/01/13;2022/03/04;101965
;2022/03/26;2022/04/22;39210
;2021/09/14;2022/02/07;64653
;2022/02/08;2022/04/22;32130
;2021/05/19;2021/05/25;25187
;2021/10/20;2021/10/23;32898
;2021/01/20;2022/01/19;101116
;2021/06/14;2021/07/22;136904
;2022/03/28;2022/03/31;33507
;2021/07/20;2022/02/17;70181
;2021/06/29;2021/07/06;91597
;2022/03/11;2022/03/13;126458
;2021/01/09;2021/04/06;45475
;2021/05/20;2021/09/02;4428
;2021/04/01;2021/04/30;32825
;2022/04/06;2022/04/22;98958
;2021/06/23;2021/08/08;142658
;2021/02/16;2021/07/22;127821
;2021/12/13;2022/04/19;138390
;2021/06/11;2021/10/30;27336
;2021/04/30;2022/01/02;46741
;2021/10/24;2022/04/22;11041
;2021/03/17;2021/08/27;56921
;2021/12/16;2022/03/06;42176
;2021/07/19;2021/08/15;148926
;2021/02/16;2021/03/13;664
;2021/01/23;2021/06/08;28633
;2022/03/06;2022/04/14;4528
;2022/01/21;2022/04/16;85499
;2022/03/09;2022/03/28;141846
;2021/08/02;2022/01/05;136479
;2022/02/28;2022/04/05;72171
;2021/12/21;2022/03/08;79775
;2021/11/19;2022/04/26;122177
;2022/04/10;2022/04/13;118498
;2021/12/27;2022/04/25;66263
;2021/05/14;2022/01/29;49339
;2021/02/23;2021/11/21;66393
;2021/01/28;2022/02/01;82561
;2021/07/09;2021/12/25;61031
;2021/05/08;2021/09/04;29833
;2021/11/09;2022/03/04;23924
;2021/12/05;2022/03/30;36519
;2021/12/27;2022/03/10;142015
;2021/12/30;2022/04/05;16514
;2022/04/23;2022/04/26;126977
;2021/06/02;2021/08/08;31367
;2021/04/26;2021/07/13;83036
;2021/02/17;2022/03/02;121823
;2021/10/05;2021/12/16;37810
;2022/03/06;2022/03/16;45534
;2022/03/21;2022/03/22;43502
;2021/05/10;2022/01/07;94069
;2022/02/22;2022/04/04;133365
;2021/09/14;2022/01/04;8606
;2022/03/22;2022/04/17;124187
;2021/01/16;2022/04/12;38087
;2022/01/01;2022/03/18;32969
;2021/01/16;2021/09/23;2666
;2021/07/09;2021/10/23;91230
;2021/06/08;2021/11/09;65480
;2021/06/14;2021/06/15;95638
;2022/01/01;2022/01/13;140409
;2021/06/25;2021/09/20;140171
;2021/06/08;2022/03/05;5854
;2021/08/02;2022/03/28;139248
;2021/01/24;2022/02/20;110496
;2021/12/25;2022/04/22;27974
;2021/09/02;2021/10/13;93218
;2021/10/13;2022/03/20;75317
;2022/01/30;2022/02/01;140155
;2021/11/29;2022/01/24;62192
;2022/02/13;2022/02/17;98713
;2022/01/27;2022/04/01;28193
;2022/04/18;2022/04/23;104698
;2021/09/20;2022/03/14;62582
;2021/02/28;2021/08/14;49406
;2021/11/13;2022/02/14;92623
;2021/11/05;2022/03/01;38310
;2021/03/29;2021/09/02;139462
;2021/04/24;2021/06/23;110375
;2022/04/23;2022/04/23;123899
;2021/08/23;2021/10/16;45172
;2021/10/13;2021/12/16;139901
;2021/06/28;2021/11/02;107630
;2021/05/22;2022/04/17;11755
;2021/09/25;2022/03/20;26250
;2021/11/06;2022/03/01;91667
;2021/02/03;2021/12/26;149095
;2022/02/09;2022/03/24;106418
;2021/08/04;2022/01/30;36793
;2021/01/14;2022/01/15;73826
;2021/01/29;2021/04/14;16315
;2021/04/08;2021/05/24;59075
;2021/09/26;2022/04/06;131658
;2022/04/26;2022/04/28;16121
;2021/08/23;2022/03/10;63428
;2021/09/20;2021/11/04;58024
;2022/02/25;2022/03/17;102021
;2021/03/01;2022/04/25;136810
;2022/01/09;2022/03/23;76976
;2021/05/02;2022/04/15;115706
;2021/06/26;2021/10/06;106721
;2021/04/11;2021/12/02;82442
;2021/04/30;2021/06/16;56598
;2021/08/06;2021/08/09;7815
;2022/03/05;2022/04/26;84844
;2022/02/21;2022/04/13;74639
;2021/03/19;2021/08/08;114230
;2022/01/18;2022/01/21;143586
;2021/09/14;2022/01/19;56170
;2022/02/14;2022/02/28;101793
;2021/05/24;2021/08/30;132873
;2021/09/11;2021/10/13;82464
;2021/08/16;2022/04/17;12133
;2021/04/28;2021/10/16;2902
;2022/03/10;2022/03/24;104524
;2021/01/06;2021/05/12;116455
;2021/08/16;2021/10/02;36704
;2022/01/16;2022/03/16;138558
;2021/08/17;2021/09/14;121472
;2021/05/15;2022/01/14;11828
;2021/04/29;2021/08/04;103410
;2021/07/30;2021/11/22;94908
;2022/03/06;2022/04/16;49470
;2022/04/28;2022/04/28;16610
;2021/08/01;2021/12/16;69396
;2021/01/23;2021/10/01;46879
;2021/12/29;2022/03/16;130173
;2021/12/17;2022/01/19;147409
;2021/02/08;2021/03/06;108888
;2021/11/27;2021/12/06;87597
;2022/04/03;2022/04/26;48317
;2021/11/23;2022/01/03;41194
;2021/08/27;2022/04/02;113211
;2021/12/27;2022/04/27;116177
;2021/10/17;2021/11/10;73228
;2021/04/23;2021/10/03;149862
;2022/02/18;2022/02/26;99090
;2022/03/23;2022/03/29;66818
;2021/02/01;2021/09/09;40506
;2022/03/01;2022/04/25;139935
;2022/01/12;2022/04/13;12335
;2021/10/03;2022/04/14;57719
;2021/12/04;2022/04/17;129155
;2022/04/03;2022/04/03;97631
;2021/01/27;2021/04/27;114387
;2021/10/13;2022/02/19;67277
;2021/11/08;2022/02/08;44961
;2021/06/22;2022/02/25;141078
;2021/06/16;2021/09/08;82714
;2021/03/04;2022/03/06;140713
;2021/01/05;2021/08/19;28404
;2022/04/15;2022/04/15;130730
;2021/09/19;2022/02/01;81453
;2021/09/25;2021/11/27;115240
;2021/12/21;2021/12/21;104206
;2021/06/03;2021/06/27;7155
;2022/04/04;2022/04/11;32926
EM ANTONIO CARLOS FAGUNDES;2021/02/25;2022/01/21;106160
ESCOLA DR AMERICO PACHECO PEREIRA;2021/04/13;2021/10/02;28895
NEUMA MARIA DA SILVA EM;2021/01/18;2022/02/22;118608
LUCIA SAMPAIO GALVAO PROFA EMEF;2021/07/16;2021/08/15;144726
ESCOLA MUNICIPAL PROFESSORA ANTONIETA CASTRO;2021/09/04;2021/12/19;101455
ESCOLA MUNICIPAL DE 1  GRAU JOAO DE SOUZA VERAS;2021/02/28;2021/08/11;25954
E M E F FUNDACAO MACONICA LEONARDO LOURENCO DE QUEIROZ;2022/04/14;2022/04/27;19580
EE DR CLEMENTE MARIANI;2021/01/13;2021/10/03;43204
AMERICO SALLES OLIVEIRA EMEF;2022/02/26;2022/03/17;98006
EE - ESCOLA ESTADUAL PROFESSORA IRENE CAMPOS DOS SANTOS;2021/01/01;2022/02/26;115042
VALDOMIRO SILVEIRA;2021/11/06;2022/02/02;91491
PROFESSORA MIZINHA EEF;2021/11/08;2022/03/10;90045
CENTRO EDUC PROF ANGELITA GESTEIRA;2021/10/31;2022/04/26;2041
EM PROF CARLOS ALBERTO MARQUES;2021/07/17;2021/12/28;43129
GRUPO ESC MUL MANOEL ALVES SOBRINHO;2021/07/15;2021/09/16;112699
INSTITUTO FEDERAL DE EDUCACAO CIENCIA E TECNOLOGIA DA PARAIBA - IFPB CAMPUS MONTEIRO;2021/07/12;2022/01/09;111819
;2022/01/30;2022/03/23;101114
;2021/03/23;2021/10/15;12817
;2021/05/07;2021/10/20;27436
;2021/02/19;2021/10/15;50035
;2022/02/26;2022/03/24;98309
;2021/04/21;2022/02/22;59181
;2021/03/30;2021/04/27;29064
;2022/01/07;2022/03/22;62324
;2021/10/16;2022/02/19;141205
;2022/03/07;2022/03/26;47152
;2021/06/02;2022/03/13;117011
;2022/02/24;2022/04/07;147064
;2021/12/17;2022/01/20;98523
;2021/10/22;2022/04/06;127123
;2021/01/06;2022/01/06;27880
;2021/02/23;2022/01/22;37026
;2022/04/06;2022/04/15;69027
;2021/09/29;2022/03/31;148988
;2021/06/07;2021/06/29;108022
;2022/03/23;2022/04/11;106292
;2022/01/19;2022/02/23;48221
;2022/04/07;2022/04/10;55376
;2021/12/28;2022/02/12;137222
;2021/07/08;2022/03/14;116636
;2022/04/20;2022/04/20;45587
;2021/01/25;2021/10/06;48678
;2021/01/19;2021/04/07;13575
;2021/07/18;2022/03/14;90032
;2021/09/28;2022/04/20;62867
;2021/08/23;2021/09/09;28611
;2021/04/02;2021/05/23;141569
;2022/03/22;2022/04/04;16448
;2022/02/04;2022/03/21;104861
;2021/09/11;2022/03/31;59939
;2021/09/20;2022/02/09;12601
;2021/11/08;2022/01/27;89653
;2021/06/30;2022/02/07;5669
;2021/01/21;2021/12/30;22133
;2021/09/06;2021/12/08;39468
ESCOLA ESTADUAL DE ENSINO MEDIO WILLY CARLOS FROHLICH;2022/02/18;2022/03/16;76973
ESC MUNICIPAL DR JOAO DUARTE GUIMARAES;2022/03/25;2022/03/30;57613
MARIO SALES SOUTO ENGENHEIRO;2021/11/15;2021/12/25;85371
UE PROFESSORA LEDA TAJRA;2022/04/07;2022/04/07;18686
ESCOLA MUNICIPAL IRMA TEREZINHA BATISTA - PROJ NOVO VIVER;2021/10/26;2022/01/21;124155
ESC NUBIA MARIA CHAGAS FERNANDES;2021/05/06;2021/12/14;27783
JARDIM APUCARANA E E E FUND;2021/12/08;2022/01/19;8676
PÓLO E-TEC CE José Siqueira Rosa;2021/01/17;2021/10/03;113248
ESC MUN DE ENS FUND SAO LUIZ GONZAGA;2021/01/24;2021/01/29;28490
ALTAIR DA SILVA LEME C E PROF E F MED;2021/12/09;2022/01/31;120445
EM FELICIA EMIKO KAWAMURA SAKITANI;2021/01/25;2021/06/10;25797
ORACINA CORREA DE MORAES RODINE PROFA;2021/09/02;2021/11/20;5911
EM JOSE GOMES DE MORAIS FILHO;2021/08/12;2021/12/20;122643
LUIZ CHRISOSTOMO DE OLIVEIRA;2021/07/01;2022/03/12;46329
INSTITUTO FEDERAL FARROUPILHA - CAMPUS PANAMBI;2021/02/09;2021/07/05;52873
MESSIAS BARBOSA FERREIRA E M E FUND;2022/02/08;2022/02/14;85417
E M PASTOR ASSIS CABRAL;2021/10/16;2022/04/08;28274
EC 01 DO GUARA;2021/06/09;2021/10/29;108430
LUCIANO TORRES DE MELO EEIF;2021/06/13;2021/08/21;61450
CELSO DE BARROS PERCHES PREFEITO EMEF;2021/12/14;2022/03/07;118857
CEFET DE LEOPOLDINA;2021/06/03;2021/12/22;40885
ESC MADRE GABRIELA NARDI;2022/01/31;2022/03/04;4734
JUSCELINO KUBISTSCHEK EMEF;2022/03/19;2022/04/24;53648
CE JOSE DO PATROCINIO;2021/06/09;2022/03/06;120119
ESCOLA MUNICIPAL FELIX CARDOSO DE ARAUJO;2021/05/19;2021/11/27;57088
ESCOLA LEOPOLDO DOS REIS;2022/03/17;2022/04/07;129825
Polo UAB de Salvador  IAT  - BA;2021/03/21;2021/03/22;48598
JOAQUIM JOSUE DA COSTA EEM;2022/01/04;2022/03/21;96823
ESC MUN ENS FUN FRANCISCO SIMOES PIRES;2021/10/01;2021/11/26;59474
EMEF I II PAULO FREIRE;2021/09/29;2021/12/18;73569
MIGUEL SCHLEDER E M ED INF ENS FUND;2021/03/13;2021/06/17;37342
EEEFM ADEMAR VELOSO SILVEIRA;2021/12/16;2022/03/25;101357
PE CARACOL;2021/09/28;2022/01/31;113644
EM PEDRO SILVA;2021/12/19;2021/12/21;115283
NTE - UMUARAMA;2022/04/11;2022/04/11;126123
NELSON ANTONIO ROMAO PADRE;2021/07/21;2022/02/20;33906
UNID ESC GENOVEVA CRONEMBERGER;2021/08/10;2021/10/17;16047
BAIRRO PORTAL DA PEROLA;2021/10/02;2022/01/13;12253
ESC EST DE ENSINO MEDIO PANDIA CALOGERAS;2021/06/10;2022/01/15;133704
SHISUKO IOSHIDA NIWA PROFESSORA;2022/03/04;2022/04/09;125108
EMEIF ANTONIO ALVES DA SILVA;2021/10/09;2021/12/28;94179
ESCOLA MUNICIPAL DE ENSINO FUNDAMENTAL PROFESSORA MARIA MATO;2021/02/28;2022/03/27;52308
0312008 ESCOLA MUNICIPAL DELFIM MOREIRA;2021/07/16;2021/12/25;60584
MARIA HELENA CARDIA MORELLI PROFA EMEB;2021/09/20;2022/04/27;46521
PEDRO GALRAO DO NASCIMENTO;2021/08/02;2021/10/04;62783
BENEVENUTO MADUREIRA PROF;2021/01/02;2021/03/25;85115
CE MINISTRO RAUL FERNANDES;2021/08/30;2022/02/26;145698
PAULO STENCEL C E PROF E FUND MEDIO;2021/06/29;2021/07/07;75489
JORGE AMADO ESCRITOR;2021/04/05;2022/01/08;122736
UNIDADE ESCOLAR JOAQUIM ROSAL SOBRINHO;2021/11/13;2021/11/21;45118
ESCOLA ESTADUAL DE ENSINO FUNDAMENTAL MARIA ALTINA ARAUJO;2021/05/30;2022/01/21;6265
EBM FEDELINO MACHADO DOS SANTOS;2021/01/31;2021/04/03;142867
ALFREDO MARCONDES CABRAL CEL;2021/08/16;2022/03/01;64889
EEEFM EURICO SALLES;2021/09/02;2022/04/21;99906
ESC MUL DE JOVENS E ADULTOS DO MATADOURO;2021/08/31;2022/02/10;54650
EE BARAO DE CONGONHAS;2021/08/15;2022/04/06;142313
CE PEDRO BATISTA DE SOUZA;2021/01/14;2021/06/16;113562
ESCOLA ESTADUAL MARIA RODRIGUES TAPAJOS;2021/04/14;2022/03/10;69157
ESC MUL SAO VICENTE;2021/05/09;2021/11/27;32298
CENTRO ESTADUAL DE EDUC PROF. DE CURITIBA;2022/04/02;2022/04/28;99336
THOMAZ RIBEIRO DE LIMA;2021/01/11;2021/11/27;59418
NATALIA ALBUQUERQUE LOPES EEF;2021/08/10;2021/12/12;70157
CE VILA BELA;2021/07/08;2022/04/20;125117
ESCOLA MUNICIPAL ISAURO BORGES CABRAL;2021/01/24;2021/10/18;26721
EM MARIANA CLARA GOUVEIA;2021/07/27;2021/11/05;45766
EMEF MANOEL CORDEIRO;2022/02/08;2022/04/11;74058
EEB SAO JOSE;2021/09/07;2021/11/15;32647
EMEIEF PROF. JOSE DA CONCEICAO HOLTZ;2021/04/20;2021/06/20;45187
CE SILVESTRE FERNANDES ROCHA;2021/07/24;2021/09/08;97717
COLEGIO MUNICIPAL ANISIO TEIXEIRA;2022/02/14;2022/04/22;143290
0209016 ESCOLA MUNICIPAL AFFONSO PENNA;2021/06/08;2021/06/24;96810
ESCOLA ESTADUAL GOVERNADOR HENRIQUE SANTILLO;2021/08/14;2021/11/25;80252
GLADIS MARIA TIBOLA E M PROFA E I E F;2021/01/22;2022/03/28;68788
EE DEP EDGAR PEREIRA;2022/02/13;2022/03/14;103880
EM OZIRES SANTOS MONTEIRO;2021/02/08;2021/02/26;80329
NAES DE URUSSANGA;2021/06/07;2021/11/02;16311
YOSHIO NINOMIYA;2021/05/11;2022/01/02;38595
PEDRO RAPHAEL DA ROCHA;2021/11/30;2022/01/27;136134
CESU PROFESSOR PAULO FREIRE;2021/09/25;2022/03/02;4886
EEEIF NOSSA SENHORA DE NAZARE;2022/01/19;2022/04/07;35211
EMEF FRANCISCO DA CUNHA RAMALDES;2022/01/14;2022/04/06;57395
EE DEP AGENOR LUDGERO ALVES;2021/02/21;2021/07/09;65113
ESCOLA MUNICIPAL NONO REIS;2022/03/16;2022/03/22;78231
CANTINHO DO CEU CENTRO MUN ED INF;2021/11/11;2022/03/08;72411
JOAO DE ALMEIDA E.M;2021/05/19;2021/05/30;140704
CE LICEU MARANHENSE;2021/09/15;2021/10/18;128699
ANTONIO DIEDERICHSEN;2021/05/01;2021/10/07;142117
EGON SCHADEN PROF EMEF;2021/04/14;2022/03/04;79394
INSTITUTO ESTADUAL ROMAGUERA CORREA;2021/09/20;2021/09/25;71928
MARIO JOAQUIM ESCOBAR DE ANDRADE;2021/05/17;2022/01/07;139148
ELISIO TEIXEIRA LEITE III;2021/09/23;2021/12/14;143796
PRIETO MARTINEZ C E E FUND MEDIO;2021/07/22;2022/01/13;143306
LAZARO DUARTE DO PATEO PROFESSOR;2021/04/29;2022/01/18;34685
COLEGIO ESTADUAL PADRE PELAGIO;2021/02/28;2021/10/14;60282
OCTAVIO GIOVANNETTI EMEF;2022/03/10;2022/04/19;30723
ESCOLA MUNICIPAL FRANCISCO LEITE;2022/02/02;2022/03/14;97620
EEB NEREU RAMOS;2022/01/27;2022/02/05;1993
EEEF NOSSA SRA DO CARMO;2022/03/11;2022/03/30;98254
ESC EST DE ENS FUND ESTADO DO ESPIRITO SANTO;2021/11/16;2021/11/24;61655
EE SOUZA BANDEIRA;2021/06/19;2021/09/01;147267
EM MARIA CECILIA DOS SANTOS;2022/02/25;2022/04/06;7666
UE STA TEREZINHA;2021/04/30;2021/10/27;27495
E M E I F ZEFERINA;2021/06/12;2021/07/09;35380
ESCOLA SENADOR ADERBAL JUREMA;2022/02/09;2022/02/27;130803
ANNA NOVAES DE CARVALHO DONA EMEIF;2021/04/06;2021/10/03;97342
U E DEP FRANCISCO COELHO;2022/02/23;2022/04/14;22047
E M E F SANTO ANDRE;2021/07/13;2022/03/10;48248
EUCLYDES MOREIRA DA SILVA PROF EM;2021/09/29;2021/12/30;82019
NATALINA GEIB DEVITO PROFA EMEF (BELINHA);2021/10/20;2022/04/16;111197
MANOEL VIEIRA DE QUEIROZ FILHO;2021/02/25;2022/01/26;2616
UI STO ANTONIO;2022/02/08;2022/03/31;32989
MARIA BERENICE DOS SANTOS, PROFA.;2021/08/13;2021/08/22;42117
UNID ESC JOSE FRANCISCO DE MIRANDA;2022/02/03;2022/04/25;139235
EMEIEF JOANA LACERDA LEITE;2021/10/09;2021/10/19;111796
ESCOLA MUNICIPAL DE ENSINO FUNDAMENTAL RUI PALMEIRA;2021/04/11;2022/02/21;111825
INST EST EDUC DEPUTADO RUY RAMOS;2021/06/06;2022/02/19;29160
FRUMA RUTHENBERG E M ED INF ENS FUND;2021/04/13;2022/02/04;86446
EE M EMILIA DUARTE PEREIRA 1 GRAU;2022/02/24;2022/03/13;106181
RAUL FERNANDES CHANCELER;2021/05/25;2021/12/10;107517
COLEGIO TIRADENTES PMMG;2022/02/13;2022/03/30;139458
EM ANTONIO DE SOUSA SANTOS;2021/02/10;2021/06/22;85638
UI CHAGAS ARAUJO;2021/08/05;2021/11/08;50463
JAYME CANET E M ED INF ENS FUND;2022/03/18;2022/03/20;86782
ESC EST ENS MED CRESCER;2021/05/10;2021/08/01;98496
EE OLIVIA PINTO DE CASTRO LEITE;2021/08/31;2022/02/05;74975
EE - COLEGIO ESTADUAL LIBERDADE;2021/03/16;2022/03/29;6674
E M JOSE LUIZ DA SILVA;2021/11/16;2021/12/08;32081
EBM JOAO ANTONIO PINTO;2021/05/16;2022/01/04;140141
JARDIM DIVA TARLA DE CARVALHO;2021/01/30;2021/12/17;98333
UNID ESC JOAO DE ASSIS MARQUES;2021/01/03;2021/06/13;56012
JOSE A DE ALMEIDA C E E F M PROF NOR;2021/04/11;2022/01/23;46232
TSUYA OHNO KIMURA PROFESSORA;2021/03/11;2021/04/25;130226
ESCOLA MUNICIPAL OSWALDO LIMA FILHO;2021/09/16;2021/10/22;128582
NTM  Municipal  - OURO PRETO;2021/05/04;2022/02/17;15594
CEL JTO A EE CULTURA E LIBERDADE;2021/06/22;2021/10/06;28045
EE PE JOAO NEIVA;2022/01/04;2022/02/11;95916
E M E I F PASTOR JOAO PEREIRA DE SOUZA;2022/03/23;2022/03/24;135707
ALAYDE TORTORELLA FARIA MOTTA PROFA EMEF;2021/07/15;2022/03/08;75074
DELY GUARNIERI PEREIRA DE OLIVEIRA PROFA EMEF;2021/07/15;2021/12/05;72072
ESC EST ENS MEDIO EMILIO SANDER;2022/01/20;2022/04/24;131022
LELIA CECILIA TORREZAN GALDINO LUCATO PROFA E.M;2021/09/18;2021/11/07;76756
NTE - PINDAMONHANGABA;2021/04/12;2021/12/16;119293
ESC MUL PROF  VANDA RIBEIRO MITIDIERE;2021/05/20;2022/03/03;104086
PEM CHAPEUZINHO VERMELHO;2021/10/04;2022/03/01;93921
EEB SEN RODRIGO LOBO;2021/02/06;2022/04/02;89860
EM PROF IONE CATARINA GIANOTTI IGYDIO;2021/01/08;2022/02/14;41886
JOSE LUIZ PINTO EMEF;2022/02/03;2022/02/08;67844
PRE ESCOLAR PEQUENO PRINCIPE;2021/04/10;2022/01/28;129089
ESC MUN DE ENS FUN JOSE BATISTA POMPEU;2021/02/06;2022/03/25;24114
ROSA INES BORNIA MOREIRA PROFESSORA;2021/06/06;2021/10/17;55629
0312502 CIEP PROCOPIO FERREIRA;2021/10/13;2021/11/22;89305
ESC MUL DR EUVALDO TOMAZ DE SOUZA;2021/04/19;2021/06/09;127561
ESCOLA MUNICIPAL UMUARAMA - ENSINO FUNDAMENTAL;2021/01/09;2021/06/23;61017
EEEF PADRE IBIAPINA;2021/03/14;2022/03/05;44687
ESCOLA MUNICIPAL SAO JOSE DA BOA ESPERANCA;2021/07/06;2021/10/20;130019
ESCOLA MUNICIPAL NOVO TRIUNFO;2021/07/05;2022/03/20;30131
ESC MUL DE 1  GRAU ELIAS DE SOUZA BARROS;2021/03/04;2022/02/22;4172
EEEFM DOM ADAUTO;2021/04/19;2021/06/12;128703
;2021/02/03;2021/12/09;109363
;2021/06/03;2021/08/19;43200
;2021/09/25;2022/04/16;16120
;2021/02/20;2022/02/15;148604
;2021/08/31;2021/11/20;5126
;2021/09/05;2022/01/28;1238
;2021/06/22;2022/04/14;50719
;2021/08/18;2022/01/07;141431
;2022/01/22;2022/04/01;92603
;2021/03/11;2021/03/27;93827
;2021/09/28;2021/10/02;108516
;2021/05/24;2021/07/10;137542
;2021/07/07;2021/12/14;47319
;2022/03/29;2022/03/30;66133
;2021/04/25;2021/08/31;133421
;2022/03/09;2022/03/27;56980
;2021/01/28;2021/05/23;50935
;2021/04/28;2021/09/21;107582
;2021/03/15;2021/11/03;114640
;2021/09/12;2022/04/15;90438
;2021/11/07;2021/11/16;43266
Um sonho de Liberdade ;2021/09/22;2022/03/23;131349
;2021/09/29;2022/01/21;90660
;2022/01/03;2022/04/12;134237
;2021/08/14;2021/09/16;16602
;2021/06/25;2022/04/11;144811
;2021/08/12;2021/11/01;133131
;2021/11/07;2022/04/04;12104
Um sonho de Liberdade ;2021/06/03;2021/09/11;71281
;2021/03/24;2022/02/28;88852
;2021/05/09;2021/06/07;59813
Um sonho de Liberdade ;2021/08/04;2021/10/21;133942
;2021/02/28;2021/08/17;33041
;2021/09/25;2022/01/02;146853
;2021/06/13;2021/11/20;124425
;2022/01/28;2022/02/24;49116
;2022/01/27;2022/04/16;108554
;2021/02/03;2021/08/05;17034
;2022/04/19;2022/04/20;82397
;2021/02/17;2021/07/27;113750
;2022/02/18;2022/04/18;30027
;2021/07/26;2021/08/24;134550
;2021/05/16;2021/11/10;25586
;2021/09/30;2021/11/24;143364
;2021/05/21;2021/09/14;128726
;2021/08/23;2022/01/11;123497
Um sonho de Liberdade ;2021/06/15;2021/08/28;84726
;2021/03/27;2022/03/25;40322
;2021/05/09;2022/01/23;113643
;2022/03/18;2022/04/08;110958
;2021/07/15;2021/11/14;43588
;2021/12/23;2022/04/05;132145
;2021/11/25;2022/04/21;80244
;2022/01/18;2022/03/29;60240
;2021/10/08;2022/01/11;71793
;2021/07/15;2021/09/11;128342
;2021/03/28;2021/05/05;40550
;2021/08/17;2021/09/08;125785
;2021/05/01;2021/06/20;137082
;2022/01/04;2022/03/02;76373
;2021/11/30;2022/04/10;71415
;2021/02/17;2021/03/16;8397
;2021/02/01;2021/10/12;128970
;2021/02/17;2021/12/27;77236
;2021/10/14;2022/01/05;58143
;2021/11/23;2022/02/21;10418
;2021/12/15;2022/02/10;113322
;2022/01/27;2022/03/17;45504
;2021/09/18;2022/04/17;141984
;2021/06/25;2021/10/16;25077
;2021/10/18;2022/03/27;67657
;2021/02/15;2021/03/22;16669
Um sonho de Liberdade ;2021/06/10;2021/10/02;130633
;2022/02/10;2022/04/25;144628
;2022/02/25;2022/03/03;134248
;2021/03/12;2021/05/04;1963
;2021/05/31;2021/11/23;35375
;2022/04/22;2022/04/26;87437
;2021/01/15;2021/12/22;123227
;2021/11/30;2021/11/30;47462
;2021/01/16;2021/07/01;62973
;2021/02/07;2021/09/22;22751
;2021/05/03;2021/09/07;39579
0204002 ESCOLA MUNICIPAL MARIA LEOPOLDINA;2021/11/16;2021/11/25;118579
INSTITUTO FEDERAL CATARINENSE CAMPUS AVANCADO BLUMENAU;2021/02/07;2021/10/18;68754
YOLANDA JORGE PROFESSORA EMEF;2021/09/10;2022/04/17;40405
VILA CONSTANCA EMEF;2021/11/29;2022/01/14;31559
EE FRANCISCO CAMILO DE SOUZA ENS FUNDAMENTAL;2021/04/23;2021/12/11;69581
CASTELO BRANCO C E E FUND MEDIO;2021/04/27;2022/03/14;92273
PEM PEQUENO POLEGAR;2021/01/08;2021/10/02;21194
PML SECRETARIA DA EDUCACAO;2021/10/06;2022/03/03;7774
CENTRO MUNICIPAL DE EDUCACAO BASICA PROFESSORA LIVIA LORENE BUENO MAIA;2022/02/25;2022/04/10;68090
ESCOLA BATISTA NOVA JERUSALEM;2022/01/05;2022/04/19;93669
CEL JTO A EE DOM PEDRO I;2021/03/13;2021/06/20;19152
ESCOLA MUNICIPAL DE ENSINO FUNDAMENTAL NAYDE EMERIM PEREIRA;2021/09/08;2021/11/28;31800
PEDRO AUGUSTO GOMES CARDIM PROF EMEB;2022/04/25;2022/04/26;7013
ESC MUL ANA DAS NEVES;2022/03/09;2022/04/05;1467
ESCOLA MUNICIPAL SAO SEVERINO DOS RAMOS;2021/10/26;2021/10/31;110970
ESC MUL MAJ ADOLFO PEREIRA MAIA;2021/03/19;2022/03/10;86580
JI PITUCHINHA;2022/02/28;2022/03/07;20140
;2021/05/21;2021/10/31;35476
;2021/08/27;2021/11/03;106595
;2021/08/12;2022/02/15;94346
;2021/04/03;2021/11/03;30986
;2021/03/02;2021/06/13;121244
;2021/08/15;2021/11/24;8175
;2021/12/27;2021/12/29;142484
;2021/09/20;2021/10/24;82304
;2021/10/07;2021/12/04;109190
;2021/04/12;2021/04/29;27990
;2021/10/19;2021/10/19;1844
;2021/06/29;2021/07/22;30187
;2021/09/22;2022/04/10;50937
;2021/02/18;2021/07/31;56472
;2022/02/18;2022/03/21;46585
;2022/01/09;2022/02/17;67780
;2021/10/25;2022/03/22;48220
;2021/08/26;2021/08/26;74489
;2022/01/11;2022/02/08;28046
;2021/03/14;2021/04/04;78975
;2021/04/05;2021/05/23;104353
;2021/08/14;2022/04/18;2253
;2022/03/14;2022/03/21;120732
;2021/11/11;2021/11/30;92153
;2021/05/14;2021/12/09;8783
;2021/07/05;2022/01/21;124699
;2021/02/12;2021/03/15;123806
;2021/04/18;2021/04/29;85633
;2021/05/18;2021/08/16;56129
;2021/08/10;2022/03/22;122954
;2022/01/06;2022/04/10;10502
;2021/12/19;2021/12/26;86913
;2022/03/17;2022/04/19;144485
;2021/04/08;2021/11/20;13209
;2021/06/01;2022/01/24;129103
;2021/12/24;2022/04/22;142678
;2021/03/06;2021/05/04;24686
;2021/01/10;2021/01/14;94837
Um sonho de Liberdade ;2021/05/03;2021/05/26;99477
;2021/07/24;2022/01/23;135568
;2021/05/22;2021/11/17;59487
;2021/07/11;2021/11/26;138505
;2022/04/15;2022/04/22;35517
;2021/07/21;2021/09/30;63709
;2022/01/23;2022/03/15;82127
;2022/02/28;2022/04/20;144154
;2022/02/22;2022/03/11;14570
;2021/01/07;2021/06/09;8707
;2022/02/13;2022/03/16;131032
;2021/02/21;2022/04/18;111869
;2021/03/30;2021/11/09;42046
;2021/01/05;2021/02/04;144111
;2021/11/15;2022/02/11;67792
Um sonho de Liberdade ;2021/03/20;2021/09/18;11496
;2021/12/07;2022/02/13;9968
;2021/10/18;2021/12/09;68752
;2021/05/26;2021/12/15;18127
;2021/01/18;2021/05/19;80072
;2021/10/07;2022/01/28;93761
;2021/11/16;2022/04/20;52672
;2021/08/17;2021/12/04;72643
;2021/07/19;2022/01/03;74141
Um sonho de Liberdade ;2021/11/05;2022/01/14;127014
Um sonho de Liberdade ;2021/06/26;2022/02/11;110902
;2022/02/03;2022/04/23;50096
;2021/06/06;2022/03/24;27264
;2022/02/09;2022/04/08;107302
;2021/05/29;2021/07/04;1135
;2021/07/01;2022/04/19;79619
;2022/01/16;2022/04/07;101099
;2021/11/02;2021/12/13;56478
;2021/02/13;2022/01/05;42311
;2021/12/08;2022/04/10;146831
;2021/01/15;2021/11/20;42766
;2021/03/26;2022/01/19;69498
;2021/05/29;2022/02/11;118942
;2022/03/15;2022/04/19;69376
;2021/09/29;2021/12/24;51435
;2021/01/30;2021/10/13;27812
;2021/08/02;2021/08/29;140261
;2021/08/13;2021/10/08;19276
;2021/01/09;2021/10/14;142168
;2021/02/14;2022/04/05;49533
;2022/01/11;2022/04/14;103156
;2021/05/01;2021/07/08;69752
;2021/02/04;2022/01/21;128515
Um sonho de Liberdade ;2021/03/20;2022/01/08;17026
;2021/04/18;2021/10/12;43267
;2021/03/06;2021/04/05;89238
Um sonho de Liberdade ;2021/04/17;2021/11/17;17515
;2021/07/12;2021/07/19;87735
;2021/08/08;2021/11/10;60041
;2022/01/16;2022/04/09;105461
;2021/01/21;2022/04/23;34202
;2022/04/11;2022/04/13;70203
;2021/01/12;2021/05/07;53308
;2021/09/25;2022/01/22;680
;2021/08/24;2022/02/12;113419
;2021/05/14;2022/03/23;2598
;2021/12/15;2022/03/27;27387
;2022/01/19;2022/04/02;41475
;2021/09/15;2022/01/29;86220
;2021/03/07;2021/07/14;35682
;2021/05/23;2021/06/16;122843
;2022/04/20;2022/04/23;76099
;2021/01/29;2021/10/08;102735
;2021/09/01;2022/04/27;44430
;2021/05/12;2021/08/18;40496
;2021/11/05;2021/11/18;12775
;2021/12/30;2022/01/11;8739
;2021/03/29;2021/04/15;8020
;2021/06/30;2022/01/19;122831
;2021/06/27;2022/03/28;32756
;2021/09/23;2021/12/07;29208
;2021/06/27;2021/09/06;12296
;2021/04/14;2021/06/15;93847
;2021/10/28;2022/03/13;89813
;2021/02/22;2021/09/06;62238
;2021/12/15;2022/04/22;112597
;2021/01/02;2021/10/30;127634
;2021/01/16;2021/05/25;23630
;2022/04/03;2022/04/28;76322
;2021/08/29;2022/03/11;128821
;2021/07/15;2022/04/17;75006
Um sonho de Liberdade ;2022/01/06;2022/03/17;83912
;2021/03/03;2021/10/29;11955
;2021/07/15;2021/11/13;53860
Um sonho de Liberdade ;2022/03/08;2022/03/10;131382
;2021/05/21;2022/01/02;87749
;2021/04/04;2022/01/25;142731
Um sonho de Liberdade ;2021/02/17;2021/07/15;75502
;2021/08/28;2021/11/15;118364
;2021/03/24;2021/11/12;106862
;2021/05/05;2021/06/15;20825
;2021/06/16;2021/07/12;7656
;2021/04/23;2022/02/07;18382
;2021/04/09;2021/06/11;26795
;2022/04/05;2022/04/17;79630
;2022/03/30;2022/04/22;37054
;2021/01/18;2021/11/28;141431
Um sonho de Liberdade ;2021/05/05;2021/11/21;69587
;2021/06/21;2021/10/21;81765
;2021/07/26;2022/03/23;32294
;2022/02/09;2022/04/21;57451
;2021/05/15;2021/11/18;9920
;2021/02/24;2021/11/04;93647
;2021/06/21;2021/06/22;19705
;2021/07/16;2022/03/23;111313
;2021/01/23;2021/02/08;47204
Um sonho de Liberdade ;2021/10/28;2022/02/07;5734
;2021/01/29;2021/10/12;31341
Um sonho de Liberdade ;2021/11/20;2021/12/14;126386
;2021/07/07;2021/08/10;129160
;2021/02/11;2021/09/05;22107
;2022/03/25;2022/04/21;37848
;2021/10/13;2022/03/22;27552
;2021/07/31;2021/11/27;103001
;2021/05/29;2022/03/06;88633
;2021/03/03;2021/06/29;31454
;2021/04/05;2021/12/31;43749
;2021/08/26;2021/11/30;66628
;2021/02/20;2021/08/07;34851
;2021/05/02;2021/12/23;78044
;2021/04/17;2021/11/10;140051
;2022/04/20;2022/04/27;45778
;2021/11/23;2021/12/04;125993
;2021/12/04;2022/04/23;21546
;2021/06/05;2021/07/01;133370
;2021/08/17;2021/10/01;127955
;2021/02/24;2021/10/27;124001
;2022/02/18;2022/03/18;104073
;2021/12/26;2022/03/31;37957
;2021/09/17;2021/12/07;73814
;2021/10/09;2022/01/05;118086
;2021/02/03;2022/01/17;59149
;2021/05/03;2022/01/08;131801
;2021/04/30;2021/12/14;42828
Um sonho de Liberdade ;2021/02/05;2021/05/01;87972
;2021/04/17;2021/07/09;91972
;2021/05/16;2021/11/03;127376
;2021/05/20;2021/10/26;109611
;2021/01/08;2022/02/05;109170
;2022/01/29;2022/03/11;59471
;2022/01/16;2022/02/10;80987
;2021/09/04;2021/12/29;126777
;2022/02/09;2022/04/25;65069
;2021/04/18;2022/01/02;10020
;2021/12/08;2022/04/17;4447
;2021/04/24;2021/07/13;53413
;2022/01/30;2022/03/19;4455
;2021/03/08;2021/05/19;94104
;2021/11/11;2021/12/07;99906
;2021/03/15;2021/11/27;27327
;2022/03/12;2022/04/27;133864
;2021/10/02;2021/10/30;101676
;2022/03/19;2022/03/27;89828
;2021/03/19;2021/07/25;8382
;2021/08/28;2021/09/20;3289
;2021/07/12;2021/11/21;7715
;2021/10/02;2021/10/11;141817
;2021/11/12;2022/02/21;70947
;2021/03/09;2021/10/31;68739
;2021/03/16;2021/03/19;61788
;2021/06/02;2021/06/14;55602
;2021/11/07;2021/12/29;76842
;2022/02/20;2022/03/19;43941
;2022/04/09;2022/04/09;35793
;2021/09/29;2021/10/06;88227
;2022/04/11;2022/04/19;25464
Um sonho de Liberdade ;2021/11/18;2022/04/24;35917
;2022/03/25;2022/03/27;447
;2021/04/15;2021/10/10;145571
